" apita una hadhila dhavas 21 passe  kala ,eth  Ehema venna puluvandha . Mage "
mama eka gatha eta passe una dan eka ganna tiyenne namuth dawas 14 sampurna une na. E kalaya athulata eka laba ganime dinaya atha eya gatthata kamak nadda ?
dan corona rogin kiyala haduna gaththa aya pawa  wenna danawa lankawe.e ayage penahalu eka parama asadanaya wenna puluwan.api kohomada dana ganne penahalu tika tika sauththu wenawa kiyala gedaradima?ehema danagaththoth apita puluwan yanna.nathnam dannema nathuwa marila yay neda?
mage thaththa  bona nisa corona  eka vidde naha. Dan  eka 3ta adunisa vidinna puluwanlu. Gampaha districwala beheth vidinna then Dana ganne kohomada? Vidapu nathi ayata ayeth awastawak denawada?
mage mahaththayata  hedila adata dawes 7k wenawa eya dawas 10kin ewanawalu its passe dawas 4k gedara nirodayanaya wennalu. thawamath ayata uhura ehema ridenawalu mata kiyanna dawas 4 passe  ekka samanya vidiyak aluth ekka jiwath wenna puluwanda apita podi babala dennek innawa
Mama egagaththoth negitinakota konnda ridenawa udeta negitta behe aga ridenawa hethu monawada wayasa 50
mage duwa ta hatiya tiyanawa ayata corona hadila mama inna rata aya ta hatiya tikak tiyanna
corona hedila dawas 21k nirodhayanaya unu kenekugen tawat kenekuta newatha ema  eka bo wime hekiyawak tiyenawada.
kenek suwa wela nawatha  ekak kaloth wenawada eka
mata da a ganna puluwanda mata husmaganeme ap ahasuwak teya .mage  aka laga 2parak wada karanawa. Kalama keuwa .mekata beheth ganna oneda.

ammata Kassa aga ridenawa kiwwa gada suwada danenne na kiwwa mokada mama karanna oone
mama garbani Amma kenek mata ugara ridenawa sema hirawenawa nasaye beheth gattha but adu une ne  babakuth innawa eyatath sema adu une ne mokakda karanne
mata  husma ganna apahasunm mokada karanna oni
Mama Corona hedila gedara nirodayanaya vemin inne.mata shashana apahasutha deparak heduna.husma gatthat oksijan nathi parisarayaka innawa wage denune
corona heduna janawari masa meimasa annatha vidda mathra dakama den dawas 12 vithara 2 vidda den mata papuwa mahansi husma ganna apahasui mokada karanna ona mata kawadawath  hedanne
Karana ayata awadanama aduda wadida  18
Hushma gannakota papuwe wam paththa ridenne ai
ane man garbani mawak sathi 11wenne mata gal hadila konda ridenawa  kenek  kara beheth denna be kiw  vitarai dunne ane ewata hariyanne mata iruwaradeth tiyenawa mulu dawasama oluwekakuma ane mokdda karanna ona
unata mata roga lakshana ne.habai tikak husma ganna apahasu una.mata  kottamalli ehema beela usana nisada
Mama korona asadithayak.papuwa sama pirila .updas awashshai
"me  eka hadila dawas 26 k withara wenawa  eka wage tibba nisa nanda epa kiuwa danata oluwa bara gathiyak,poddak husmaganna apahasu gathiyak tiyanawa wena monath leda na ithin dawas 26k wage nisa nawata kamak nadda"
Ape  okkotama una habuna. Ugura ridenaw. Ath oluwa ridenna. Sema gathiya aduy. Apita aka hadilada
"mama korona hadila hoda wela dan dawas 14k vithara wenawa.thamath mage ugara ridenawa oluwe kakkuma,aga ridenawa. ai ee"
mama sewaya karanna  rate mata corona hadila suwa wela satiyai mama  lankawata yanna inne mata ayeth  wiya hakida
roga tatwaya tiyena kenekta  eka widdata prashnayak nadda?  tiyenawada
sema iwath karana widiya poddak kiyala denna
Mta  una dan masayak wenwa thama husma ganna tikak amarui ugurath hira wenwa wage mehema kochchara kal wenwda
Corona hadunama hembirissawa awama awadanmda
eka deparakma  Una kenekta (waladi)  waladi  eka ganna prashnayak tiyed
"mata    ,api  enne , da?enathak  ? da?"
me dawas wala katha karanda onema  ekak  dana vidiya .godak aya e gana hariyata danne na. gana.e wagema wage ewa ganda hodai da.e wage dewal gana tikak kiyala denda.nisa godak dewal igena gannawa
API nodena  wela thibunoth  eka nisa  wage  balapema kohomada
eka  ekkin 9 denekuta vidinawada .
Charma rogayen pelana kenakuta me annat hodada
eke  eka ganna kalin kiyala denagaththoth  eka ganna epada
beheth asath mikatwayan tiyena ayata me  varha gannapuluwanda
eke antharagataya  ekamada.... Wenas deyak da?
Ethkta  tyna ayata me  eka  wnne ndda? Mn thma krla maasa 2k wage wnne. Mn thma  ne. Ehema mkth prshnyk wnne ndda?
me  eka aragena koitaram kalekinda  wenna sudusu..masa 6kin wage gataluwak nadda..
mama  aka gahuva..mata 28 aa akkena kiyaava aurudu5 kin maril vatenava.vikurti venava kiyala..bayai  ilaga aka vidinna..vidinne nathuva idiya kiyala prshnayak nadda
annata hodaida Mama. Inne  wala. Mhe dana vakhineka tsmai  maka hodaida
"Corona hadila inna ayata nanna, aga sodanna hoda nadda."
me prabadeya hulagin bowenawada kiyanna
Welawakat mage wam atha akula gaththama vewlanna gannawa ai e
eka  eka kohomada  ekath ekka  krddi ?
Corona hadunoth mokada karanne
gana mokada hithanne
kenekta dena beheth monawada
Niirodayane awasan wela awata passe hathiya thiyena kenekuta karanna puluwan sarala kriyakarakam
corona hadila suwa well Sathiyak wenawa mama  rate sewaya karanne  enna inne ayeth mata wei kiyala bayen inne
"Nasayata gada suwada nodeni yanawada Corona walata,?"
Palaweni para haduna kenekta deveni para hadene nadda
Mata pereda raa godak thadeta un gaththa. Beth gaththata sampurnayen una nathi une naa. Iye udeth una ganna awa  biuwama hari giya aye una awe na. Danahis saha kakul thunatiya pedasa godak kakkuma alluwa. Ada e amaru mukuth naa ugura ridenawa idala hitala kassa enawa. Agata amaru gathiya thama thiyenawa as deka redenawa. Me corona roga laksanada?
Ane mt kiyanwada apasmarya mt tiyenawa mn e  ek ada ekn widda mt tama mkuthm athuru abadayak na mt kiyanna pluwanda apasmarya tiyen knkta unath aturu abadayak eno nm enne ek widal paya 6 .7:kwage weddi ned itpasse ehm deyak enne na neda .
knkt kochchr kalayak inna onid  ek gnna
giya maase  eka gththa pereda  unane ilaga  eka gnna thiyenne 13 wenida edata dina 14k ne ethkot ganna hoda nedd neththm dewani eka maasekt wda parakku unaata kmk nedd saha hodawela ghnvnm kochchara kaalayak inna onida
" thibena  valata saha  ekak  thibuna  eka  thibuna ema nisa   di labagath eyatath sulu kaseem ha palu dammema athivu aduma,  thibena kenekuta me  eka labagatha hakida?"
gahanna puluwanda ?
eka  wela gaththoth awulda masayak wage
eka gahala dawas 3kin  ekk karoth eka wenwada ?
eka gaththa. eka aniwaryenma ganna oneda. Nogaththath parashnayak nedda.
Me ennatha gattata passe kohomada parissam wenne
ayata me  eka gathrhata kamak nadda
wge 1k tyna kenek me gaththata kamak ndda
Me ennatha kochara kalayak ape age thiyanwada???
eka gahala dawas dekakata passe oluve vam paththa ridena eka samanyaida
Nodanuwathwa korona hadichcha kenekekta meke 2ni ennatha dunnoth mokada wenne?.
Awrudu deken merenawa kiyanawa  wada wenawa kiyanawa me ewa ahila mage wedakwth karanna ne hithata bayai thama  eke inne yanna one.nisa gehuwe den marama hithata awlak enne
karata passe karana kenek dawas kiyak karan nathuwa inna onada...?
Aviwahaka kantawanta me ennatha nisa idiri kalayakadi balapamak ati wenna ndda
eken passe  gaththata prasnayak nedda
eka arn nawata kmk nadda
Mata  eka ganna baya hithenawa mehe ekkenek maruna  eka aran mata pilithurak denna
Aurudu 18 ihala ayata gahuvata aulak nadda
dekama ganna oneda arakshwa labenna  ekenma hambenawada nattam
haduna ayata meka gahanwada
" aka ochchara hodai nam, den  wala  aka wedi une kohomada?"
Daruwek  wena  widala kochara kalayak giyata passeda  hoda
Mama  mase wiwaha wenawa me ennatha daruwan hadimata balapamak karanawada.
kenek danne nathuwa vaccine 1 gaththoth mokada wenna
wargayak kalin hadila thiyena kenekuta.meka vidaganna hodada.
vidda iye. Eyage agapatha okkoma redenawa kiwa. Una kiwa.
eka vidda dawasema egata ena anaru walata mokakda karanne
eke eka  ho   ekakwat nowi tiyenna puluwannda.
Samaja roga  ekk age thibboth corona eka  wenawada
corona ledek ekka ekata idala dawas Kiyak yanawada Aluth Kenage lede Aduna ganna.
E kiyanne ada corona  kenekta  unoth heta  kalath  eka  wenawada
Mekata  tikak kata gaawata waradak nadda mama kadekin kaapu gaman  tikak kelawala athullagannawa kiwwa kramayath hari
mamath mahathtayath innea  mahathtayata heduna  kara  una matath una agapata amaru heduna  anam manam bela hoda kara gathta tama masayak un nea magea deva naliyanwa wagea amuthtak daninawa weana amaruwak nea tama agea tiyeanawada dan nea
Corona haduna kenekge  eka ta visabija haranaya karala duna 9 vitra gihama room eka pirisidu kirimen kenekta me rogaya biwenna puluwanda
Mata dhiyawadiyawa thiyanawa niraaharawa rudhira pareekshana wala 120 wage mattame thiyenne mama danata inne  mama  gannawanam mona widihatada ganna one
mata aurudu 26i.corona suwa wela masa 2k wenwa.thamath husma ganeeme apahasutha tiyanwa.. kiuwa prashnayak na kiyala..ehema wenne hethuwa mokakda
Mata kiyanna mata awrudu 28 wena ledak ne  ennatha gaththata kamam nedda awrudu deken merenwda wada bawayata path wenawada mokada onama kenek jiwath wenna asai neda man palaweni mathawa gaththa denweni eka ganna netguwa inna heduwe meka mata mahama manasika wadayak
mata denaganna ona mage ammata diya wadiyawa thiynawa ennatha laba gaththata kamknedda
mage ammata aurudu 69.mage ammata diyawadiyawa thiyanawa. Ennatha gathtata kmknedda
danuwath karanna corona walata widina ennatha widdata passe athuru aabada enawada? Ehema wenawanm e athuru aabada monawada kiyala
Ane mt kiyanwada apasmarya mt tiyenawa mn e  ek ada  ekn widda mt tama mkuthm athuru abadayak na mt kiyanna pluwanda apasmarya tiyen knkta unath aturu abadayak eno nm enne ek widal paya 6 .7:kwage weddi ned itpasse ehm deyak enne na neda
Meka aragena edama napuwama monad wenne. Kiyna de ahnne nethiw mge aiya newa
mek apasmarya hadiccha knkt mka widdat psse aturu abada enawada
knkt kochchr kalayak inna onid ek gnna
Aturu abada enawanm enne ek widapu welemada
giya maase  eka gththa pereda  unane ilaga eka gnna thiyenne 13 wenida edata dina 14k ne ethakota ganna hoda neddha neththm dewani eka maasekt wda parakku unaata kmk neddha saha hodawela ghnvnm kochchara kaalayak inna onida.. ekai gehuwe..
ekai  ekai dekama danna hoda nadda
Hathiya thiyena kenekuta mehema hathiya thiyenawane .awidinakota wedak karanakota hathiya enawa.athakota kohomada hoya ganne
ugura saha papuwe uda kotasa abhayanthara kesiimak saha vitin vita ena papuwa thada kirimak wage lakshanayak walata tiyenawada?
"Corona kenek niwasaka hitiyoth e gedara pirisidu karana, edum peladum pirisudu karana niweradi kramaya kiyanna.."
Man  kala.eth mukuth na .. mage aga rassneyi rata godak .man daruwek hambenna idala nathi una dan  hadila a nishada
Dina 14n pasuwa samanya lesa inna puluwanda
man  mage me ake thiyenne. Mata kisima roga lakshanayak ba habai ugure sema thiyenava. Man baba labenna inna nisa giya tikema sithala kama kava
.mata dan sathiyak ugura ridenawa.semath tiyanawa.wiyali kassak tiyanawa...as danawa..kisima gada suwadak danenneth na..pitin una nathi unata aga danawa.wenna puluwanda
Mata hathiya tiyanawa ethakota hoyanne kohomada mama  eka pavichchi karanawa ekata aduwenawa hebay
corona hadila dawas17i dan hodai ath meka thawath kenekuta bowenawada
ethakota kandak naginakotha hathi watenawa nam eka kohomada
mage ugura ridenawa wena kisima ledak na
Aduma rogaya tiyena kenek kohomada meken therum ganne
semavath unavath na papuva hira Vela vage danenava e Coronada husma ganna apahasuth naa
mata hembirissawa kessa una ugure amruwa serama thiyenwa ath  kara kra ath  e unata korona wala lakshna thma mata thiyenne ayi
Korona nathi unath mahatha aya me vidihaine
oluwa wate ridenawa hellenakota. Aith danis kakkumai. Una nam na mamat salakili mat wiya utui neda
"Hummalaya allana wita dehi kola ,pawatta kola danna hoda nedda rogiya pawichhi karana  ehema pawichchi kirimen petirenawada.ape rogiyata dan dawas 10 k wenawa.dan ohugen petirenne nethida.danata gedara an kisiwekuta roga laksana netha.ape  karana patakda netha.gedara wenama kamarayaka rogiya sitiye.suwa wimen pasu gewal soda pirisidu kala yutuda a wisabija tawa sakkriyawa pawatinawada piliturak denna.ape nokaloth dewana weksin eka ganna kamak nedda."
kenekutat..mahansi gatiya enawa.eka kohomada hoyaganne
"mage as wala mada hariya (kaluingiriyawen)depaththa digatiyata godak rathuwela thawa dawas 3kata udadi kama appiriyahithuna dan ekanam hodai eth as thama rathui adaidan thama godak wadiune man dum allanawa,thawa koththamalli bonawa mewage balapamak thiyenawada?anika korona rogiyekge ashisrithayek nisa nirodayanaya weningaman inne adata dawas "
mt den masaykta asannwa kessak tiynwa.aka welum kessak wgth tiynwa welwkta sem gathiya tikak tiynwa.4 wathawak behath gtta aduwak ne.
Mata usma ganna amari Eth ma ganna  na
humale allan eka corona walata hodaida
"adin nirodayana kala simawa iwarai.dan rogiyata samanya jivitaya gatha karanna puluwanda.dan babala ekka hitiyata bo wen nedda gedara kisiwekuta roga laksana matu une ne.a nisa ape  karanne neha kiwwa.dan ohu nokala yutu dewal monawada.ohu samanyen kaya,wehesa weda karana kenek.gedara hitiyath wedama tamai.dawas 6 k rekiyawata yanawa.ohu parissam wiya yuthte keseda.tawama mahansi denenewalu.eya samanya me rogaye swabawayada.man doctorgeweda satahan ida lebena welawata balanawa."
Matanam husma ganeeme apahasukama godaak kal edlama thiyana deyak. Ekata mokadda karanne
" wthr thibbe  krddi.. bheth bonw hmdam.. thwa yakada pethith gnnwa... dn dws 3,4 k indn wdk krnnm be... angta pana nee wge.. oluweth kkumai... beheth gnn ynn wdhkth ne.. mnwd  krnn puluwn.."
mata meeta masa 2ta kalin corona hadila godak amaruwela saneepa una.mama inne  wala .me mase 15 lankawata enna 14 mama  eka karanakota  enna bari una.dawas .dawas 14ta pasu  weida kiyala bayai.hakinam upadeak denna
" dekama gatha ayata  aduwen rogalakshana pennum karanwada ? Rohal gatha wena ayagen wadi paramanayak sitinne  laba nogath ayada ? May pilibadwa pahadili  ekak laba denna , a wagema  dekma laba gena  waladeemen pasu athi wana athuru abada pilibadawth  ekak denna"
"mata  22k venava,mata thiyenava,korona  vidalath nee tama,ehema pinasa thiyena kenekta korona hedunoth  vedida"
weladila tiyeddi   gaththoth eka hoda nedda
ekak ghla inna kenekta aphu hadunoth aphu haduna kenta 2veni  eka ghanawada.ghanwa nm kochchra klayak inna oneda
corona hedila hoda wenna koi tharam kalayak yanawada? E kalaya purawatama rogaya pathura wanna puluwanda?
wela 21  ( dan hodai) Amaru une naha. eka gahanna thawa kochvhra kal inna oneda?
Ude kalayedi pamanak semprathishya gathiyak thibeema Roga lakshanayak wenna puluwnda?
",issara idanma mata husma ganna apahasuthavayak thiyenava.eka hamavelavema na . Padi pela nagiddi kohomath husma ganna apahasuthavaya thiyenava.issara idanma.ethakota ,api eka corona kiyalada  karanne?"
ath hiri watena ekata ganna eka hodaida?
"VayirSaya yanne penahalu valata vitharak nam  eka le valata dunna,a kohomada vayirasaya merenne? ekakin kisivak karanna berida?"
"godak pine api danuwath kalata , Mata awrudu 4k wage hathiya thiyanwa ,hathiya hewath aduma thiyana ayata mema lakshana thiyenawane ,ekat piliyamak kiyannako"
den hedilanm mokada karanna one ? Ethakota  ena eka nawaththanna widihak nedda
mata  rogaya gena puluwannam  ekak karanawada.neththan mata ekagena pehedilikaranawada.sinhalen e rogayagena  ekak kohewath ne.karunawen mata upakarakaranawada
korona haddila hoda una kenekta  hadenna puluwand?
me taram brabheda nirmanaya wenne kohomada .
saha gena pehedili karanna. Ema kala uthu kaalaya saha kala uthu awasthawa kiyanna.
kasa semath eka thiyena eka ekak da
hadila Apita dan . Deweni ek ganna koy tharm kalyak inna oneda .
kiyanne mokakda
"kalin tibba  eken wage mask walin  eken araksha wenna puluwan da, tawa  wala tiyana  eka balana  eken apita eka bala ganna puluwan da hariyatama."
ape gdra okkoma  wela adata dawas 6i..sampurnenma  eka egen yanna kochchara dwas yanawada
Corona hadila samanya vidihata suwawenna dawas keeyak withara yanaeada ? Dawas 14 k inna kiyanne ayi?
ape punchita corona hadila eke inne . Mata podi babala 3 denek innawa. Hasbant hembirissawa thiyanawa. Eya baya wela inne . Api ekak karannada.
udeta hisbada unuvathirata kaha svalpaysk dala bona eka hodai da
penahalu asadanya eken hoyaganna barida
annatha videya utumada .
mta wayasa 20 i mt weddi wela dawas 9k wenwa adata..mn aragnnw nm dawas kiyak gihinda gnna one
wenna hitn inna kenek  eka gattata kamaknedda
ayata gedara idan prathikara karanna barida
"mama  kiyala dan natuwa widda march wala.dan  ayata widin na lu, mata wisadumak nadda,wena vaccine ekak widinnet na lu"
Beheth dekama gaththa kenekuta hadunoth eyaagen anith ayata boovenne nadda
maks dala durasthabawaya thiya gaththama corona hadenawad
kama vidda ayage ayusha aurudu 2 kayanne eka aththakda
mata me aka  akak wath  wenna bari una...mata mahansiya thiyanawa...aka hinda wenna puluwanda....
mata danata  valata kalin hadila nirodayanaya idala dan samanya widihata inne. namuth ada mata nawatha gandha suwandha danenne naa. ugura davillay. oba thumata mekata pilithurak denna puluwanda?
Paya dekin dekin allanna humale wagakimen kiyanne mokada mata haduna dawas 3.4 hodai wagakimen kiyanne aniwarenmma eka tamai hoda kahtat bonna 6a parak
Rogaya hadila warin wara age wedanawa adu wedi wenawa. Namuth husma genime apahasuwak ne. Diyawediya rogayenda pelenawa. Gedara inne. Dina 04 k gewila. Thathwaya bayanakada?. Rogal gathakala yuthuda. Keema kanne nehe.upades pathmi.
ape pawle 3 denatama unai kassai thiyenewa.namuth winadiyk wage husma allan inna puluwan. kiwa okkoma kala okkoma hodeta karanna puluwan. una enneth dawas 2kata sareyak apita nathuwa athi neda
mata wala inne mata tikak papuwa ridanawa samahara walawata
Korona hadunama konda ridenawa ai e kiyanna
Apet asadita kenek innawa.beheth rka widala dawas ganai.behet widinakoth aga atule adanaya wi tibunot wenne monada.oluw kekka hera tama wena roga laksana ne.antajin eken tamai tahauru une.dan daws 3 ta kalin
ma aran maasayak wenawa
Ethakota podi babalata hadunama masa 11ka withara babekta hadilada kiyala danaganna widihak nadda
ak walin gahuwat gataluwak nadda?
Api gederedi gateutu beth monade
Matanam me ekakwath karanna ba.ehenam hadila athida
eka ragena ( eka) dawas 7kata passe  parikshawa kaloth eka wenna puluwanda?
Dawasata pyua bagauakvetara duwanaaekahodaida
ape gedareta korona hadune kenek asuru kere kenek gedare avith giya. Mateth daneta mase 2 kalin korona hadila suwe une kenek. Ahema kenek avith giye nisa apite awedanemak thiyevide. Punchi babekuth innawa awrudu 2 i. Ane  apite udew k. Obe thumante gidak pin. Agema  ake agete athul welanem dane ganne dawes kiyak yanewade
Husma ganna tikak amarui doctor matai mage nangita dannatama hadila inne
mata aduma rogaya tiyenawa.me dawas wala harima bayen manasika pidanen inne. Aduma rogaya hedunath mata godak amaru wenawa.eke palaweni mathtrawa vitarai tama gaththe.
una ayata nawathath mema rogaya hadenawada
Penahalu sakthimth karana viyayama monawada dokta
"apeth babala dennek innawa.aurudu 6,ha 3 wayase.podi ekkena humalaya allanna be,kiyala adanawa.husban wela kiyala denagatta dawaset api ekka hitiye.anisa dan ape agethwairas tiyenawada.hasbn kiyala denagena daws 3.apita matu wenawanam daws kiyak yanawada.babala parissam karaganna monada,karannaona.denat hasbn wenama inne gedara."
beheth viddahama ayuru 2kin athuru apada enawa kiyanne aththakda
Dum wetiwla duma mgin.
Husma wala aweni prasnayak danunoth aei apata desheeya aurweda ho hela beheth kramayata yanna puluwan neda ekatath danuma awashshai neda ?
mama corona had una kanak matath muladi Riga laksa a pannum Kara na. Ath Dina 10 edala. Mata hodana panadol tamai biuwa. Ath AK Hoda unata passa Vitali kassa tiyanawa akta bhath gatta tawama aduwak na
eka deparakma  Una kenekta ( waladi) waladi eka ganna prashnayak tiyed
mam eka gatta.mata kisima athuru abadayak awe na.eka widapu ekawath ridune na
",mata  ,api  enneda? ?"
mn inne  wala heta mage  eka godak watinawa me vedio eka mehe tiyenne  eka
kenketa eka gththta kmknadda?
gana
nethuwa  walata yn be kiyana kathawa eththa neththa mokakda? 1 piliganne ne kiyanawa eka eththakda
eka gahala babek  inna ayata prashnayak nadda
eke eka ganna kalin  kiyala denagaththoth  eka ganna epada
mage  tiyenawa mata  eka vidagathtata pasnayak nadda.
eke antharagataya ekamada.... Wenas deyak da?
mama  eka  gahaththa.mata  eka  Wena ekak gaha ganna puluwanda?
Mama Danna adurana 3 denek  eka Aran Dina 4 meruna Ekata hethuwa Eyalata kisiam ledak thibunay neha Hitapugaman meruna
man  ynna inne labana mase. Man  ennatha vidda. Mta rata yanna nam  ennth gnnm onda. Mta yanna berid. Mkkd  mn krnne
beheth asath mikatwayan tiyena ayata me varha ganna puluwanda
eka kohomada  18n ihala ayata ganna hodaida?
annathe gane visthare danneko
mata  behet .e nisa mata me ennath ganna puluwan da kiyala
hedila saneepa una ayata meweni  laba geneemen prayojanayak thiyenawada. Mokada me wanawitath rogaya hedunu ayage  swabhawikawama hedila thiyena nisa newatha vaccine ekakin  hadawaganna awashya na neda.
ennatha lankawe nadda salli walata eka nadda  walata   thama
sema hathiya tiya aya me ennatha widdata awlak needda
"Man  Na gannawa , man  karala thiyenne .mata me  eka ganna puluwanda"
60 ta wadi amaala thaththalata mona  ekada  honda
Ane  karala nathi ayata me ennath balapanne nadda. Daru sampath walata ehema balapanawada ane
Mamme mata wayasa ... saha  walata beth gannawa...mata  eka .e nisa mata  eka ganna puluwanda
dunne
mama Sathi  ennatha vidda. Prashnayak weida.
palaweni ennata ma wisin labagatta danata dina 3kata kalin. Ma hata husma ganime apahasutawayak danatath tiyanawa. Me ennata laba gattama ehema wenawada
Mge appchchchyta . Etkota ape appchylta meka ghnna bhada? Etkota eylata mokda krnne ? Eylwa atharala danvada?ai ehma krnne?
Mata dena ganna one  ennatha gena tikak visthara karanawada
Mulin gattha behethama dewanuwath ganna oneda. Pitarata inna apta lebune.
eka ayata prashnayak nadda
Pinasa thibenam ennath labagannna puluwanda
mata behetha wedde wam pethata aka parshnayak weida
gaththa ayagen kotasak anathai.
eka aye hadenne ai  gahuwata passe?
ekka mona wayase ayata da hoda .mama inne wala
Oba tumiyata godak pin mata peluturak denna.mama  digu kal behath bonawa.ae wagema  karanna enne mata me onama ennathak ganna puluwanda.sudusuda  hoda  kumakda.
mama gatta  eka  eka hodaida mama  wala inne 1 weni eka gatta.
ennatha viddma wayasa 30 ta adu ayta viddm pirimi ayge saru bawaya mtiwenwa kynne ethkda
tyna ayata me  eka  wnne ndda? Mn thma  krla maasa 2k wage wnne. Mn thma  ne. Ehema mkth prshnyk wnne ndda?
mage nangita  ekak tiyanawa eyata  ehema kala.ithin eyage  eka seehennna aduiine. eka gaththata Kamak neddda
podi ayata  hodaida?mage babala denna vayasa awrudu 2 1/2. Eyalata use karanna hodanadda.
Anagathaya wagakim darana tharuna daruwange jivetha anaraksithai neda?me ennath thama pareeksana mattame athi nisa.tharuna daruwange jivetha walata waga kiyanna kawuda?thawamath me behatha gana awadanam thathwayak thibiyadi laba denna.
akta wedipura  anwane
mata gataluwak tiyenawa  rogiyek kapu maduruwek tawa kenek kawot me rogaya bo wenawada
wani dewal walinut pirisidu kalama wisabeejaya nati wenawada
2k danna hodade
rogiyek niwase nirodanaya wenakota wenama kamareka.api e rogiyagen ath wela  wage durakin innakota  eka ge athule karakenawada.api hamawelama maks eka Dan Inna oneda podi Babek innawa masa 6ka eyata maks Danna bahane
genawama kohomada pilipadinne?
Siyalu Corona rogin suwa wewa!punchi daruwange Sita kisiwekutath Corona hadenna  deiyane!hamoma araksha kra denna!
ekai ekai ekata daanna nirdesha karala na kiyanne? hethuwa mokadda?  e deka ekata palandeemen aarakshawak labenne nadda?
gedarata gena malu wage dewal pirisudu karaganne kohomada?
api agalum ayathanawala rekiyawa karanne.loku awadanamaka.kema ganna welawewath wathura bona welawewath parissam wenna nam godak amaruy.
ganna eka walata balapanne kohomada?babalata eka dena eka hodada nisa.e kiyanne  na.araksha wenna mawa ganna eke balaoama hodda? Narakada?
mask widiyta danna epa ai ?
karanna puluwanda
eka witarak dammaa athida .nattam ekata udin redi mask ekkuth danna eka hondaidaa
hadila dawas passe wena kenekuta bo wenawada
karadi samaharak nusla gdk ridanva eyalata mara tharahk thiyenenneh ada kirilwala  krpu genu kena maha napurui ewge aya danath epa
awrudu 30ta adu lagadi karanna inna kenek hari wenna inna kenek hari eka ganna eka prashnayk nedda ?
rogiyek kapu maduruwek tawa kenek kawama a widiyata me wayras aka Bowen nada
eka sharira gatha unain passe roga lakshana pennanna kochchara dawas yanawada
Eka parak hadila hoda una kenekta Aye hadunoth amaru wenna puluwanda?
ayata eka ganna eka kohoma balapaida.e ganath kiyanna ..hithata bayai baba gana hithaddi...
abu sami yuwalagen ek ayekuta  sadi suwa u pasu ekata sitima sudusuda.ekata sitiya uththe kopamana kalakata pasuda.
Prathishakthiya wadi karana Ahara pilibada danuwath Karanna puluwan?
Samanyen hedunama Thiyena lakshana mona wageda?
ai 30ta adu ayata vaccine eka denne naththe..kohewath gathanne na ..30ta wadi ayata gahala iwara unama wath gahaida
wenna hitan inna kenek eka gatta kamaknedda..
Apita heduna mahattaya beheth 2 vidala. Mama 1 vidda mama hitanne widapu dawasema wage thamai Mata  eka hedila teyena ette. Mage puthata awrudu 5 eyatath heduna. unak kiyala hitan hitiyath eka Corona wenna one peya 24 ethulata 50 vithara heduna. Harima amarui bohoma amaruwe goda awe. Mahattayata tikak amaru una eka adui thamai.
dokkta danaganna puluwanda  ennatha mata 1 machrawa vitharai ennath kare 2weni mathrawa karanna issella mata haduna kochara kalayakinda 2weni mathrawa ganna puluwan pili turak balaporothtu wemi
Mata danaganna puluwanda  2ma gatta kenekgen una dawase itdan tawat kenekuta pathireeme awadanama dawas keeyak thiyanawada kiyala
eke gena  karalada mewa apita gahanne?
Gedara nirodanaya wena nisa kiyanna puluwanda gedara idan ganna Puluwan beheth monada kiyala? Daruwo innava nam kohomada rogiyagen daruwo rakabalaganne.
balaporoththuwen inna ammalata me annath vidina aka sudusuda.beth viddata passe babala nethi weda.mama baye inne me peththata thama awe ne vidinna.ath apuwama vidinna wei.viddata passe babala nethi wei kiyala
WALA GODAK ATHURU WIPAAKA THIYENA BAWA DANNE..LANKAAWE DENNE A EEKA NEEDA?? LEE KATI GASENA GATHIYAK THIYENAWA NEEDA??
Dinapatha saneepa wunu sankyawath karunakara labadenna.
Mage nandage mulu ekatama .mage nangitath dan roga lakshana thiyenawa.ta katha karama kiuwalu amaru unoth yanna kiyala.kisima ekakata gannath ba. Dan nanda  inne.ehe podi nangita ada husma ganna barilu.hugak amarui.karama  kiyanawalu.kisima pihitak na eyalata. Kohomada kawamahari karaganne?
garama niladarita  karnna. . ekatath arn kiyanna oy thathwe. Warin   arn kiyannako. Anee theruwan saranai oyalata
" gnna  krna  denna Puluwnda
"
keeyada?
"ekath hondai.  eka . Oba  1 gatte  nam  ekath  ma ganna.  eke ratakata yanawa nam vitarai eka  wenne
"
karanya lada kiyana  eka kohennda ganne
Mata samanya kassak  hadunat tika dawasak yanakota husma ganime apahasuta enawa.a nisa  karot awadanamda
Meke ayata wenna ba ne
Kaluthara awidinna bari ayata gewal walata gihin widinawada
Api eye ennatha gaththa .unge niti  habaraduwe kiyala  mama awrudu 5 padincheya athulata gaththena .api yana yana thanata eka marukaranna onida .galle  viddiyalaye vidde kalakanniyo ..gramasewaka sahatikayak gennalu ..polime 5 edan edala . wela masayakvithara una ..nilpata ekak dunna kalin dawase ekath gaththa .... maranna tharahak awe e welawe godak aya yawwa .eka pita kiyala munta kiyanna tibba mulin  walata pitanam gramasewaka sahatikagenna ..passe mama gedarata karala ewalema chande nodapu kolayak tibba eka gennala athulata giye ..paw .minissau apasu auwa. .henapita hena gahanna oni munta
gaththa vissthara dena ganna eth eka wada karanne nehe nee
Mta  haduna..beth gattha.. walata hitan baluwa.. uguren mkoth gilina be ...seethlai..papuwa redenwa...kama rasa ne..terenene ne.. .3 wenida adata daws 6 wenwa... deiynee mehema amaruwak..katawth hedenna epa..
Ane matath dana ganna ona mage mahaththatath dawas 2kata kalin una thibuna.dan sanipai.eth eyata dan rasak danenne nalu.as 2th rathui.meth corona wenna puluwanda.
Viharamaha Daevi thama  daenwada aka
Ammala una aya kiyannako e hemakenatama gada suwada rasa ehema denune nedda.thada oluwe kekkumai ugura kekkumai vitharak thibila   una aya innawada.mata gada suwada rasa nam denenawa.oluwa kekkumai ugura kekkumai thama thiyenne. kale ne eth man wenama ekaka inne.ane kiyannako.mata arurudu 3ka puthek innawa.eyatath ashirwada karanna ammala pin oyalata.eya thama kukkuth bonawa.dala kukku dila man eyawa ehata yawanawa bayai ammala mokada karanna oni
Avissawella palamu mathrawa nogath ayata aye denne kawadada??
gedarata awit karana  tiyenawada...
"Mama walat rata yanna inna kenek,mama yanna inna ratata  eka   na kiyala danne nathiwa  eke palaweni  eka gaththa,l thama mata  ek ganna thibune eth mama  eka gaththe na.mama dan  eka ganne nathiwa thawa masayakat passe  eken  dekama gaththoth prashnayak weida mata.danna kenek mata help karanawada"
Ane Gm5ha ndda ane
Antigen negative kenek PCR karanna oneda
viharamaha Daevi park 1 thama  daenwada aka
Ane mata danna kenek kiyanna ada ude wenakam beheth eka widinne koheda .den yanna  awata
"Heta gampaha  ennathkaranaya karana than monawada.ada weyangoda polime idala apahu awa injekshan iwara wela.
10"
Eka beheth ekkwath arn naththm mkd krnne kiynnko vida gnna vidihk na 30ta adu eka  awata
please qyanna aken bara gannawada husma gann amaru ledek
ka beheth ekkwath arn naththm mkd krnne kiynnko vida gnna vidihk na 30ta adu eka awata
Age 27 akaenaeka  aka ganda puluwanda
Gampaha  aka vidina thanak danne nadda
Apita  eka denne kawadada den  pahuwela kauruth megena kata karanne ne
" apita una hadhila dhavas 21 passe  kala ,eth 
Ehema venna puluvandha ."
mage mahaththayata hedila adata dawes  wenawa eya dawas ewanawalu its passe dawas  gedara nirodayanaya wennalu. thawamath ayata uhura ehema ridenawalu  mata kiyanna dawas 4 passe  ekka samanya vidiyak aluth ekka jiwath wenna puluwanda apita podi babala dennek innawa mekata pilithurak eyanna
"dan corona rogin kiyala haduna gaththa aya pawa  wenna danawa lankawe.e ayage penahalu  eka parama asadanaya wenna puluwan.api kohomada dana ganne penahalu tika tika sauththu wenawa kiyala gedaradima?ehema danagaththoth apita puluwan yanna.nathnam dannema nathuwa marila yay neda?
"
mage duwa ta hatiya tiyanawa ayata corona hadila mama inna rata aya ta hatiya tikak tiyanna ana udaw karanna
mage ammata Kassa aga ridenawa kiwwa gada suwada danenne na kiwwa mokada mama karanna oone mata kiyala dennako
Ane mata husma ganna apahasunm mokada karanna oni
Hushma gannakota papuwe wam paththa ridenne ai
"mata da a ganna puluwanda mata husmaganeme ap ahasuwak teya .mage  wada karanawa. Kalama keuwa .mekata beheth ganna oneda.
"
"Ana  ..mata   corona  heduna  janawari  masa  meimasa    annatha  vidda    mathra  dakama   den  dawas  12  vithara  2  vidda  den  mata  papuwa  mahansi  husma  ganna  apahasui   mokada  karanna  ona   mata  kawadawath  sampra  thsyawa  hedanne
"
Korona hedunama rasai suwadai denenne na kiyanawane korona egenma ain unath ekkama aye ewa  hariyanawada adu unath ekkama rasa suwada aye e kenata denenawada
Mama korona asadithayak.papuwa sama pirila .updas awashshai
"me eka hadila dawas  withara wenawa weese eka wage tibba nisa nanda epa kiuwa  danata oluwa bara gathiyak,poddak husmaganna apahasu gathiyak tiyanawa wena monath leda na ithin dawas  wage nisa nawata kamak nadda
"
"mama korona hadila hoda wela dan dawas  vithara wenawa.thamath mage ugara ridenawa oluwe kakkuma,aga ridenawa.ai ee"
mata husma ganna  amarui papuva  thada venava ugurath ridenava mama  mokakda  karanne
Anee mata  uadhta  huagk     yanawa    pasuwa   habiriashwa  wagh  tiyanawa  dan  huagk   dawssa  wanawa
Mata  wala idan kisimaa denenne naa man gedarata welaa nirodanya wenwa ai tamath meka ari yan nettw
me masaye mama  vidinawa  annatha danma vidina sudusuda
wela  walinuth aayeth amaaru  wenna puluwanda
mata aurudu masa   babek innawa mata  una adata dawas  baba lagata giyema ne baba lagata yanna kochchara kal inna onida
mama araksaka anse wada karana kenek  mata haduna . Dawas passe gedarata awa. Eat mama gedara wwnama hitiya tawatb dawas  dan okkama dawas 16i. Mama gedara kattiya gawata dan awa ..  mahattya kiwwa dan bo wenne na kiyala. Ane  mata duwekut inna awurudu . Mukut gataluwak wena ekak na neada.
ha  yanu ennath
aka kalama mawa  kiyala dana gaththe mama dan korantaim inne
Mn hembirisswast behet kra den eka adui sema gatiy tynwa. Den mt kessak hedil tynw dws 3 witr. Wen kisim apahsutwyk nee. Kahinkot sem enwa. Wen kisim aphsutwyk ne. Unuwtura bonwa humle allnw e hemdem krnwa kasaya bonwa. Meka wal laksnykda
"roga tatwaya tiyena kenekta  eka widdata prashnayak nadda? thiyenawada
"
Mta corona  una dan masayak wenwa thama husma ganna tikak amarui ugurath hira wenwa wage mehema kochchara kal wenwda
ekak kopana welawakin pasu Iwathkala yuthuda ?
wala  eka thiyena eka use karanna hoda nadd?
"eka danna hodaida
"
husma ganna amarui dawas 4k vithara idan husma hira karan ganan karanna puluwan gataluwak nadda
mage  17.6 tiyenawa  mata eka vidagathtata pasnayak nadda.
"doctor beheth asath mikatwayan tiyena ayata me  varha gannapuluwanda
"
nethuwa  walata yn be kiyana kathawa eththa neththa mokakda? piliganne ne kiyanawa eka eththakda
" mama  eka march gahaththa.mata eka   
Wena ekak gaha ganna puluwanda?"
Hathiya thibenam ennath labagaththata kamak nadda
man  ynna inne labana mase. Man  ennatha vidda. Mta rata yanna nam  ennth gnnm onda. Mta yanna berid. Mkkd  mn krnne
ennatha viddma wayasa 30  ta adu ayta viddm pirimi ayge saru bawaya mtiwenwa kynne ethkda
eka ayata    prashnayak nadda
podi ayata  hodaida?mage babala denna vayasa awrudu Eyalata use karanna hodanadda.
Corona waladunu kenekuta diya haki ath beheth monawada ikman suwayata..
"kiyanna heta viharamahadevi eke monawada vidinne
"
mata danaganna ona   kenekta dena beheth monawada kiyala
Mata den dawas idala kisi gadak suwadak denne neni. Wena kisi ledakut ne
Palaweni para  haduna kenekta deveni para hadene nadda
Mata pereda raa godak thadeta un gaththa. Beth gaththata sampurnayen una nathi une naa. Iye udeth una ganna awa biuwama hari giya aye una awe na.  Danahis saha kakul thunatiya pedasa godak kakkuma alluwa.  Ada e amaru mukuth naa ugura ridenawa idala hitala kassa enawa. Agata amaru gathiya thama thiyenawa as deka redenawa.  Me corona roga laksanada? ekak kara heta  enna thiyenne.
giya maase  eka gththa pereda  unane ilaga dose eka gnna thiyenne  wenida edata dina  ne ethkot ganna hoda nedd neththm dewani eka maasekt wda parakku unaata kmk nedd saha hodawela ghnvnm kochchara kaalayak inna onida..ekai gehuwe..
" corona hoda unata passeth penahalu wala athuru abada enawad?
"
kiri den ammala ennath widdata kamak nedda. behetha widdoth kochchara kal yanakan kiri denna berida.
eka gaththa. aniwaryenma ganna oneda. Nogaththath parashnayak nedda.
Me ennatha kochara kalayak ape  thiyanwada?
eka kochchara dawas da dn na neda
"Mama  eka gaththe  walin..dan mama inne ..  Bari nisa  eka ganna yanna Barida.?  wala  dena thanak thiyanawada
"
eka gahaganna barida apita? hadisiyevath rata yanna one unoth nisa
deneh koheda heta?
Corona hadunam dn gedrmd thiynne ethakota den beheth genath denwda monwd den beheth warga. Husmagnn bri unoth mokd krnne .
"me dinawala pawathina wirasayen araksha weemata apata niwaradi upades laba deema gana  ithamath hodai....
"
walata widala dina  passu kalahaki neda
Mn lee denna kamathi...but ekata yana eka awadanam ekai prasne.....mkak hari wena wikalpayak tyenawanm
eka balana eka kiyada
eke awadanam kiyala salakana agaya keeyada?
una kenek Dina 14ma awasan u pasu ayet entijan karama  pennanawada
una knk wa una kiyla dngthata psse dawas keeyakin da  eka karana one? Mokakda krna hoda pcr da  da?
Daws  wage idan gada  suwada danen nha.sema gthiyth tiyanwa.katata amuthu appirya rasakuth danenwa.me gathiya nathi karagnn monwda karann oni.dann kenak kiynn.wen mukuth amarukm nh.
deparakma  haduna ayage athdakeem kohomada wayasaka ayata podi babalata kohomada
Mage  puthalata  haduna adata  giya. Mulin  walata beth Dunne . Dan  naha. innawa.  vitharai bonne. Eyalage age  eka tama athineda. Ekata  digatama bonda oneda?
una kenk masa kiyk ynakm  kiyla pennanwda. Aya  krna oni koi wge klekinda
Mage me yanne  dawasa mage ada poddak papuwa rideno mechchara dawask thibbe na. Mul dawase thibba papuwe kakkumak ita passe ada awe ekt mukuth aulk wrida .echchara amaruwak na eth poddk rideno husma ganna apahasu na. Danna kenek kiyanna
Oluwe kekkumata mokada kale
Mata thadin eduma rogaya thoyana kenek. roga lakshana mathuwela wahama mage penaheli hira una.
"unama katharama beheth ahema genath denawada, gampaha awata ahema katha kranna one ahema innawa nam dennako. "
ammala innawada gedara ... monada karana prathikara?
Indala ekak krala  wunath dawas 14  wenna oneda?
" eka gatta passe dawas dekak witara una thiyanwada..dn dawas dekak wenwa una adu ne wewla wage una enawa..ane danna kenek kiyanko..(  eka gaththe )
"
Auruddata adu ladaruwanta  una ammala kauda inne . Babalata monawada dunna ahara saha prathishakthiya wadiwana ...babawa balagsththe kohomada  karanawanam monada ona karana upakarana.
Mata kiyanawada una kenekgen dawas  passe bowenne kiyanne eththada kiyala.mokada eyalawa dawas10n gedarath ewanawa.ane dannawanm kiynna
kenek  wela dawas kiyakinda  enne?
"Aga sithalai mokkda ekata krnna ona.
"
kale gaththa aya ennawada?aken babata prashnayak wenne na neda?
punchima babek unoth ho araksha karaganna ayurvedic paththen karanna puluwan dewal monawada
karana madyasthana monawada?
Naa.  wenawa. Namuth  adui ange. Wena ayata bo wena  eka adui. Dan  la gedara kattiya innawa nam gahanawa nirodayane kiyala. Kenek gen tawa kenek ta bo wela honda wenna kalayak yana nisa.
"ow masa ganak thiyenawa
"
Matath hadila inne mtath mulinma oya kiyana okkoma tibuna wamane nathuwa
"hemoma kiyne ekt ynn kiylmne meke mkut krnn deyk qwe nne.adu wenn krnn deyk kiynn eki wedak wenne.mn hitnne mt den tyei.eth poddk adu lkrgnn widihk mkek wt kiyn ne
"
Agata Pana na vage Kassa na Eth Sen gedi ugura satin  vedanava Agata mahansiya danenava.
Gedarin pita kohewat giyet natuwa sati 3k tisse gedaratama wela idala rata giya kenek ehema natnam kisima asanipayak tiyana kenek ashraya kalet natuwa unak hadunot mokada karanne.a gena wistara kiyanna
Hise kakkuma. Dahdiya dameema. Narakada
me wage dewal kiyala apiwa danuwath karanawatathanks me wage dewal kiyala apiwa danuwath karanawata
"Wirasaya sadunu kenekge age kopamana kalayak meya tiyanawada
"
Corona haduna kenekge   ta visabija haranaya karala duna 9 vitra gihama room eka pirisidu kirimen kenekta me rogaya biwenna puluwanda....ikmn piliturak denna
Danuwat kalata godak thanks
mn dn inne .mata danata dawas dekai kassak hadila thiyenawa.ugurath barendi wela thiyenawa.achcharai thiyenne roga lakshana. Mn awadanamak gatha uthuda.karanna .
"Mn  inne mt sema oluw ridenw.kassa.agaridenw ushnathweth  kiwwa tikk wadi eth aulk ne kiyla.mehe rate manussayo api gana hithan ne
"
"man homagama meegoda pradeshaye padinchi amma kenek.matath iye idan kivisum yanawa wathura wage semprathikshawa hadila ada weddi semprathikshawa wadiy.mage aurudu 3ka duwath kahinawa kivisum yawanawa. me roga lakshana newei neda me  eke.mama mokakda me wenuwen karanna one
"
"corona eka lankawata genwana banda tulin ema  eka asadanaya wenna ba neda.ajiwee wastuwak tula corona  eka paya  atharadi vinasha wenawa neda 
"
Roga lakshana monawada
"Denuwat karata bohma istuti obata
"
nodanna dewal bohomayak karunu danagatta. Digatama mehema leda rooga gana danuwath karanna. Bohoma pin.
"nedda meke
"
Mama. Math  una. Eth mata sema oluwa naha hariye  una witarai une. Mata  beheth gaththa eka adu una dawas 2 kwage adu una.Hebei tikak mahansi weddi thehettui. Oya tika thama. Itin  mage daruwata eken balapemak ne neda? Hetin  iwarai. kale  Ane ekak denna
mama wela iddi sisa sethkamen daruwa nihi kala. Ane man kohomada pratikara ganna one walata
mata
"Doctar mata den sathi 28 apita  annatha  vidinawa kiyala ape kiuwa  viddoth babata prasnayak weida
"
Mama sathi 14i  gaththada kamak nedda
" kenkta corona waladi  denna plwnda
"
ekn passe una gatiyak angata amaarukam aapu aya innawada? Beheth vidala Kochchra kaalekata passeda ehma wune.
"Mata  hadila dawas 14 pahu una thavamath aga ridenava e hatida
"
Mata.10 venida  havasa newata pase  seethlak.awa eta pase  pahuwada ude kahapatata    una.eta pase  behet gaththa..badath danva velavakata.aga athulen una waget  tynva..hembirswa kessa  ugura ehamanam redenne..semath ne.man dawasata   bonva   deparak  krnwa.aye  suwadarani  bonva lunuwathuren   ugura  sodnva  badginit venva mara vidhata ..seethla  thma awla..aye velavakata reta papuv  poddk  hira wenava vge.ai ehem wenne
Corona walin  wenawada?
eka wathura haraha bo wenna puluwanda?
ekak athida  eken berenna?
Ape gedara kata hari asaneepa unoth mama mokadda karanna one?
Mata roga lakshana thiyenawa nang mama issellama katada kiyanna one?
Mage  kenek nirodayana neethi kadanawa nang mama katada  karanna one?
kenekta corona hadenna honda nadda?
Mage  eke inna lage wisthara danaganna one
Mata langinma thiyena  eka mokadda?
Ugure amaruwata humalaya alleema honda deyakda?
roga lakshana monawada
Corona hadila honda wechcha kenekta enna puluwan monawada?
Mage palaweni  eka  wela apahu  karama  une. Mama mokadda karanna one?
Mage duwata saneepa naha habai eyata lakshana naha. Mama  ta kiyanna oneda?
mahaththayage eka mokadda
eken berenna thiyena hondama  eka mokadda?
Danata thiyena thathwe ekka  ekak witharak dammama athida eliyata yaddi
Mata langinma thiyena  eka mokadda?
adu ayata eka gahaganna widihak nadda?
eken  eka gahaganna puluwanda?
eke  ekak thiyenawada?
Mage  eke thiyena  wala wisthara denna
Mata adala mahaththayage nama mokadda
Heta  eke  gahanwada
Viharamahadewi park eke paya  gahanawada
prabedaya darunu ai?
Ada  eke keeyak thiyenawada?
gahanawada?
Corona monawada?
eke monawada thiyenne?
Ada dawase  marana keeyak thiyenawada?
eka gahaganna widihak nadda?
warga dekakin  deka gahana eka narakai da?
Heta da?
dapu areas monawada
Gedara inna ballagen ho puusagen  bo wenna puluwanda?
Mage surathal sathata walandunoth mama kumakda karanna one?
surathal sathunta  use karala pirisidu karata kamak nadda?
asadithayekwa langin asuru karoth aniwaryen matath eka bo wenna puluwanda?
ekai  ekai wen karala anduraganna puluwanda?
ayata  hadenna  eka wadi da?
Lamayekta  hadunama  ui  kenekta  hadunama thiyena  ui wenas da?
eka bo wela  athiwenna kochchara kal yanawada?
Mathupitawal wala eka kochchara kal pawathinawada?
hadila honda wechcha kenekta apahu hadenna puluwanda?
wenuwata monawada?
nathi kenekgen mata bo wenna hakiyaawak thiyenawada?
ekak kochchara welawaka  eka thiyenawada?
Maduruwonta  eka bokaranna puluwanda?
eken  eka adu wenawada?
eke ena  walin  enna puluwanda
genawa
balanna
widinna
ahanna
kiyanna
awuruudhdha
labanawa
miladi gannawa
wasipura
asawen
akamaththen
kamaththen
balen
hanawa
wandhi
hamudhawa
aragalaya
satana
jayagrahanaya
pissu
wikara
gona
haraka
lassanata
gihin
duwala
rate
manthara
bana
bodhi pooja
pirith
duwanna panninna natanna gayanna
warthamanye pawathina arthika arbudhaya hamuwe
ema amaththayanshaya sadahan kale gatalu nirakaranaya kara akandawa awushadha sapayumak sahathika karna salasum sakas kara athi baway. widesha winimaya dushkaratha nisi klata nayawara vivurtha kiriimata nohaki vima awushadha higayata hethu wi athi baway. ita piliyam haduna ganimin kriya marga gena athay saukya amathayansaya sadan kaleya. indiiya saha naya pahasukama yatathe nayawara lipi vivurtha kara uparana anaum kirima in eka kriyamargayaki. loka bankuwen dolar miliyana dahayaka aramudhalak labii atha
ita amatharawa aramudhal ho aushadha sapaya ganima sadhahaa loka sawukya sanwidhanaya saha asiyanu sanwaradhana bankuwa samaga sakachcha aramba kara atha. mudal parithyaga karana men pitarata ayathana saha ethera vesena lankikiyanta kala ayachanayata yahapath prathichara labi athi bawata sadahan kaleya. rajaye rohalwala aushadha higayak nathay nila mulashra uputa dhakwamin rajaye prawuththi departhamenthuwa iye niwedhanayk nikuth karmin karunu pahadhili kaleya
rata thula thawamath ihala kovid sampreshanayak athdakina athara dirga kalayak pura podhu katayuthu sadaha sima panawimata rajayata siduwiya. meya sampreshanaya adu kirimata hethu wi athi namauth dinapatha wartha wana rogin sankayawa saha marana sankayawa thawamath salakiya yuthu ahgayaka pawathi. digu kalainawa sidu karana sima kirim samaga mahajanathawa ita anukulawa katayuthu kirima krama kramayen aduwana bawak daknata labe. digin digatama dadi sima panaweema nisa boho denekuta salakiya yuthu arthika dushkaratha walata muhuna dimata siduwa atha.sampreshanaya digatama pawathina mewani kalayakadhi rirodhayana nithi regulasi walata yatathwa nikuth karana margopadesha pilipadhima wadhagath wee. memea upades hariyakarwa pili padhima bim mattamen niyamanaya saha suparikshawata pradeshiya mattamen vaydya niladharinta wadi wagakimak laba dhemin tiken tika rata nawatha viwurtha kireema sadha upayogi kirima athishaya wadagath wee. kramikawa rata samanyakaranya kirima sadhaha pradhana kriyamarga kerehi awadhanaya yomu kere.
"pathiriima walakweema sadhaha kriya piliweth dadi lesa siyalu denawa danuwath kirima, pudgala durasthabawaya pawathwa ganima, swashana achara widhi pawathawa ganima , kassa kiwisumakadhi walamitehi athul paththa pavithaya, daath saniparakshawa, saban yodha daath sedhima, mathupita prushta vishabijaharanaya, nivaardiwa muhunu awarana paladima"
siyaluma sewa sthana ho ayathanayata paminena rogii pudgalayan hoo sewadayakayn awama kirima sadhaha awashshaya piyawara gatah yuthu atharama ayathanaya thula sama pudgalaeykma upades walata anugatahwa sitimata dhirimath kala yuthuya.
vawarthamanyae bawithaya pramanawath nowana bawa penena heyin siyaluma vidhimath ansha saha pradeshiya baladarin mema margopadesha hodin awabodha karagatha yuthu athara kovid pathirima valakwimata siyalu kriyamarga adikshaya kirima sadaha vagakiya yuthu niladarin path kala yuthuya. nawatha danuwath kirimata sudusu wadastahan margagthawa ho wenath sudusu arakshitha yanthranaya anuwa kala ythuya.
mahaganaya danuwath kirima sadaha niwardi purudu anugamanya huru kirima sadaha nomile madya awaranaya samaga avadhanam sanniwedhanaya kirima sadhaha aknda wadapiliwelak awashaya we.
nirdeshitha ilakkagatha kandayam sapurna ennathkaranaye awaransayk laba ganimata dirimath kala yuthuya.
athawashaya kriyakarakam hara anekuth awashayatha sadaha anthar palath palana sancharana simawan akandwa pawathwa ganima
athayawashaya nowana siyaluma gaman sadha dinapatha rathrii dahaye sita pandara hathara dakwa awsara laba nodima
arakshitha prawahana krama bawitha kirima ho sapayima kala yuthuya. magin adu gananak samaga prawahana pahasukam laba ganimata athi hakiyawa vadi kla yuthuya.
podu prawahanayedi mageen gena ya hakke asana darithawata pamani
pravahana sewan hidhi wayusamanaya kala ratha wahana pavichi nokala yuthuya. janel viwurtha kara thabiya yuthuya.
muhunu awaranaya nisiyakarawa palada sitiya yuthuya.
ayathanayata paminena sewakayn ganana samawitama sima kala yauthu athara sama witama niwase sita wada kirima dhirimath kala yuthuya.
meya athyawsaya sewa ha karmantha walata adala nowana athara anekuth sewa avashaya awama sewakayan samaga kriyathmaka viya hakiya
genwa gatah haki sewakayan ayathana pradaniya visin thiranaya kala yuthuya.
nawatha danum dena thuru kisidhu rasweemak pawathveemata awasara labenne natha
ehatha deta anukulawa katayuthu karayda yanna soya balima kala yuthuya
ese nowunahoth masayaka kalayak thula panwa athi sima kirim walin roga palanaya pala rahitha wee
palanaya sadhaha gama pradeshiya saha disthrik palath kamituwala sahaya athiwa adhala pradeshaye niradaringe gaweshanaya yatathe mahajana kriya siduwanu atha
vayasa awurudhu ekolahaka pasal dhariyak korona asadhithawa numoniya thathwayen jivithakshayata pathava athi baba rohale adyakshakawara pawasuweya. ohu thawaduratah pawasuwe me wanawita rijwe araya lama rohale dayinikawa korona waladunu dharuwan visipasdenek pamana athulathwa athi baway.yamkisi pramanaykata tharabaru dharuwek bawata thama wartha wela thiyenne
ohu thawaduratath pawasuwe thawamath awurudhu dolahata adu pirisata korona vayirasayata ennath labadena namuth ema dharuwan mewanavita pasal yana bavin yamakisi akarayaka roga lakshana pennum karannenam aniwarayenma dharuwan wayidhyawarayek hamuwata ragena yam aniwaraya bawa pawasanawa.
rohalata athulath kara eka dinak thula lamaya miyagos thibenawa. puluwan tharam ikmanin rohalagatha wenna puluwannam vayidawaru pariksha kara thiranaya karay
niwesgatha prathikaradha nathinam sankulatha thiyenawanm yam prathikara labadhima sadhaha kisima rohalakata yanna baya wenna epa.rohal parisaraya ithama surakshithawa sudhanm karala tiyenawa
mewanawita rate nawathath korona rallak hisa osawa athi bawata sawukya niladharin pawasana athara wrata thula itha wegayenpathirunath marana anupathaya itha adubawa pawasanawa
leddu k warthawenawa kiyanakota samagaye withara innawa. parikshana karanneth naha. ehema baluwahama marana anupathaya itha aduy.
ennathwala loku balapamak thiyenawa mekata
mewenakota ennathkaranaya itha sarthakay kankawe
eka awiwadhayen piliganna ona
ehi prathipalayak lesa pathirunath marana anupathaya itha aduy
palamu saha dewana ennatha lahi lahiye labaganimata ennathkarana madayasthanawala digu polim dhaknata labunath thewana ennatha labaganima sadhaha ewani unanduwak daknata nolabe
kowid mathra dekama gaththahama masa kipayakadhi ape prathideha hinawimak sidhdha wenna puluwan
nawa prabedhaya awahama ema prathideha samaharak welawata madhi wenna puluwan
emagin nawathanawatha nirawaranaya wimedhi apata eyata arakshawak athiwimath balaporoththu wenawa
owba thewana mathrawata sudusukama sapura athnam nopamawa eya ganna
mee athara ennatha laba gath atham pudgalayan samaja madya osse pawasa thibune ennatha labaganima nisa thamata wiwdhakaraye athuruabadhayanata muhuna dhimata siduwa athi baway
prabala akunu pilibadhawa awawadhathmakawa nivedhanayak kalaguna vidya departhamenthuwa visin nikuth kara thibe
e anuwa uthura uthurumadha nagenahira madyama uwa palathwala thanin thana simitha wasi samaga prabala akunu athiwime wadi hakiyawak pawathi
gigurum sahitha wasi athiwiya haki thawakalikawa thada sulanwalin saha akunu magin siduwana anathuru awama  kara ganimata awashaya piyawara ganna lesa kalaguna departhamenthuwa janathawage illa siti
rajaye madhihath viimen loka bankuwa saha jathyanthara mulya aramudala haraha videsha vinimaya prathipadana labadimata thiranaya kara thibenawa
aluth awurudu samayedhi gruhastha viduli paribojanaya ihala yana bawin kalamanakarithwakayen yuthuwa siya dayinika katayuthu sidukarimata viduli paribogikayan katayuthu kala yuthu bava lanka vidulibala mandalaya pawasanawa. viduli upakarana bawitha kirimedhi thamanta dariimata siduwana piriwaya sambandayen awabodhayen katayuthu kirimdha vadagath baway sunithya balasakthi adhikariya pawanne.
me dhakwa kriyathmaka wunu chakralekanaya dirga kirimata piyawara aragena thibenawa
masa hatharakata pasuwa vartha wunu kovid asadhithayan sankayawa dhasaye simawa ikmawa gos thiyenawa
ada etharam marana wartha wenne nathi hinda minissu marenne nathi nisa baya tikak aduwela thiyanawa
maha bankuwe rajya naya departhamenthuwa wisin kadawana ladha bandagara bilpath vendhesiye pasugiya wasara visi paha thula ihalama poli anupatha wartha vithebenawa
eanuwa ek kal piryame kalayange bandagara bilpath poliya pahatha dakwena lesa ihala gos thibenawa
galumuwadhora pawathwena vishesha virodhathawayata ekwuu polis sarayanwarayata erehiwa vinayanukulawa kriya karana bawa polisiya pawasay
polisiya nikuth kala niwedhanayaka sadhahan wanne ohu polis sthanayen anawasarayen pitawa gos melesa wirodhathawayata ekwee athi bawaya
eanuwa adala niladhariyata erehiwa anawaranaya wana thorathuru matha nayithika kriyamarga ganimata katayuthu karana bawa polisiya kiyay
mema siddiyath samaga vinayagaruka sewayak wana polisiyata barapathala apakirthiyak siduwa athi bawa adala niwedanaye sdahanwa thibe
vayaparakayek iiye siya weladhasalata pamini paribogikayanta mudal ayakirimakin thorawa elawalu bedha dee atha
asanna watinakamakin yuthu elawalu thogayak mese paribogikayanta laba dee atha
meee sambandayen adahas dakwana weladasale ayithikaru pawasuwe thama aluthen aramba kala mema veladhasale mudalata elawalu weladham kirimata pera paribogikayanta elawalu nomilee labadadimata sithu baway
rate pawathina arthika apahasutha hethuwen thaman mema piyawara ganimata pelabunu bawath janathawata sahayak wimata haki aya sitinam owunta uparimayen upkara karana lesata illa sitina bawa pawasuwa
sarasawi sisun sanwidhanaya kala udhgoshanyak hethuwen maragya awahira wee athi bawa wartha wey
apa warthakaru pawasuwe pradeshaye dhadi wahana thadabadayk athi bawaya
paniwuda jalaye himikarithawaya laba ganimata lowa dhanawatha idiripathwa atha. ehi sampoorna kotas miladi ganimata ohu thiranaya kara atha.
ee sdhaha ohu ayojanaya kirimata balaporoththuwana mudala biliyana 44ki. psugiyadha ohu kotas kihipayak miladee gaththeya
samaja madya jalaya venas manayakata gena a yuthu bawa pawasamin ohu adala lansuwa idiripath kara atha
mewara sinhala demala aluth awurudde hadhisi anathuruwala sulu wadiweemak wartha wee thibe
kolaba jathika rohala sadahan kalee iye dinaya thula pamanak hadhisi anathuru hethuwen pudgalayan 167 denek prathikara sadhaha rohalata pamini athi bawaya.
riya nathuru hethuwen pudgalayan dena=eku niwase siduwu anathuru walin pudagalayan sha kalakolahala sidhuweema hethuwen pamina athi bwaya
ek ginikeli anathurak pamanak siduwa athi athara eya pasugiya wasarata sapeksawa aduwiimak bawa rohala     sadhan kaleya
indhana laba ganima sadhaha janathawa digu polimwala radhi situnu daknata labiya
boho pirisak aluth awurudde nakath charithra sidukarana awasthawedith polimwala radhi sitiyeya
me athara indhiya naya adhara yatathe labena indhana thogayak adha diwayinata labimata niyamithawa thibuni
pasku praharaya sambandhayen nithiya kriyathmaka kirimata vimarshakayan saha nithipathi depaarthamenthuwa kapaweemen katayuthu karnnee nam praharaya walakwa noganiima sambandhayen janadhipathi komisame vagauththarakaruwan kala pudgalayannidhos kota nidhahas wanneday katholika sabawa prashna kary
galu muwadhora pitiya pradeshaye pawathwena viridhathawaya haya wana dinatah akndawa pawathwe
diwayina pura tharuna tharunayange sahabagithwayen pasugiya nawa wana dhina mema virothathawaya aramba wu athara janadhipathi lekam karyalaya idiripita kudaram sawikara ganimin virodhatha karuwan dhiwa raa virodhathawayee nirathawemin siti
adhika warshawak adahalunadha ema wirodhathawaya sadhaha vishala pirisak ekraswa sit bawa warthakaruwan sadahan kaleya
avurudatada virodhathakaruwoo ema sthanaye sitomata salasim kara atha
arthikaye mathuwa athi durwalatha walata hethu haduna gena ewata prathikarm yedhimata katauthu kalauthu bawa loka bankuwa sadhan karay
ayawaya partaharaya adukirima in ek wadhagath angayak bawata loka bankuwa penwa di atha
deshiya adayam marga shakthimath kirima awasaya bawadha owun wadiduratath pawasthi
esema naya thirasaara lesa klamanakaranaya sadhaha sudusu kramwedha haduna ganiimatada katayuthu kalyuthubawa kiiya
guwan sewaya wisin guwan yana baddata ganiima sadhaha mela ganan kadhawa thibee
idhiri wasara thuna athulatha siya guwan yana sankayawa ihala dhamiime aramunin melesa nawa yana ganimata salasum hara atha
polis visesa karya balakaya liladharin lesa peni sitimin mudhal kollakam sidhukala sakakaruwan siwdhenek aththadanguwata gena thibee
mowun pudgalayan athwilangu dhama pahara dhii mudhal kollaka athi bawata anawaranaya vii atha
emenma mema pirisa mathdrawya jawarakamsidukarana bawada pawasay
sakakruwan laga thibi jangama durakathana yathurupadhiyak van rathayak polis baratayata ragena atha
vadidhura wimarshna pawathway
vidhuliya wisandhi wunu awasthawaka wada karagana yanna hodhama than