"මට එන්නත ලබා දී ඇත, මම තවමත් කොවිඩ්-19 සඳහා පරීක්ෂණ කළ යුතුද?"
මගේ දරුවාට කොවිඩ්-19 රෝග ලක්ෂණ ඇත්නම් මම කුමක් කළ යුතුද?
අපි සංචාරය කරන්නේ නම් මගේ පවුල සඳහා ගත යුතු පියවර මොනවාද?
කොවිඩ්-19  වසංගත කාලයේ දී තෙහෙට්ටුව දැනීම  කොරෝනා රෝග ලක්ෂණයක්ද?
කොවිඩ්-19 වසංගතය අතරතුර මට අසනීපයක් දැනේ නම් මා කුමක් කළ යුතුද?
මම කොවිඩ්-19 ට නිරාවරණය වී ඇත්නම් කොපමණ කාලයක් මම ස්වයං නිරෝධායනය කළ යුතුද?
මට කොවිඩ්-19 රෝග ලක්‍ෂණ තිබේ නම් මා කුමක් කළ යුතුද?
කුමන මුඛ ආවරණ නිර්දේශ කරන්නේද?
කොවිඩ්-19 රෝග ලක්‍ෂණ ඇති අය සඳහා නිර්දේශ මොනවාද?
කොවිඩ් රෝගී වූ පුද්ගලයින්ට එන්නත ලබා දිය යුතුද?
කොවිඩ් -19 රෝග විනිශ්චය තහවුරු කළ අයෙකු සමඟ මම (අඩි 6 ක් ඇතුළත) සමීප සබඳතාවක් පැවැත්වුවෙමි. මම කළ යුත්තේ කුමක් ද?
"මම පරීක්‍ෂා කර මා කොවිඩ්-19 සඳහා නෙගටිව් වුවහොත්, මට තවමත් සුවයක් නැත්නම් මම කුමක් කළ යුතුද?"
"මා පරීක්‍ෂා කර මා කොවිඩ්-19 සඳහා නෙගටිව් වුවහොත්, පසුව මට තවමත් ආසාදනය විය හැකිද?"
ටෙලිහෙල්ත් ලබා ගත හැකි බැවින් මට සත්‍ය වශයෙන්ම රැකවරණය ලබා ගැනීමට හෝ අන්තර්ජාලය හරහා වෛද්‍යවරයෙකුගෙන් උපදෙස් ලබා ගැනීමට හැකි වේද?
මම කොවිඩ්-19 වලින් අසනීප වුවහොත් එය මගේ පිළිකාවට බලපායිද?
මේ මොහොතේ සංචාරය කිරීම ආරක්ෂිතද? ගමන් කිරීමට ඇති ආරක්‍ෂිතම ක්‍රමය කුමක්ද?
"රෝග ලක්‍ෂණ පෙන්නුම් කරන කෙනෙකු වටා මම සිටිමි, කුමක් කළ යුතුද?"
"මම පොසිටිව් බව පරීක්‍ෂා කළෙමි, මා කුමක් කළ යුතුද?"
නිවසේදී කොවිඩ් රෝගීන්ට ලබා දිය යුතු උපදෙස් මොනවාද?
කෝවිඩ්-19 වැළඳී ඇති බවට පරීක්ෂණ මගින් තහවුරු වූ කෙනෙකුට නිවසේදී ප්‍රතිකාර කළ හැකිද?
කෝවිඩ්-19 සහිත පුද්ගලයෙකු නිවසේදී රැකබලා ගන්නේ නම් නිවසේ සිටින අනෙක් පුද්ගලයින් අසනීප වීම වැළැක්වීමට කුමක් කළ යුතුද?
කෝවිඩ් සහිත පුද්ගලයින් කොපමණ කාලයක් නිවසේදී නිරෝධායනය විය යුතුද ?
කෝවිඩ්-19 තිබේ නම් ළමයින් නිවසේදී රැකබලා ගත හැකිද?
මම ගැබ්ගෙන ඇත. මට කෝවිඩ් රෝග ලක්‍ෂණ තිබේ නම් මා කුමක් කළ යුතුද?
කෝවිඩ්-19 වසංගතය අතරතුර මම දිනපතා සෞඛ්‍ය සම්පන්නව සිටින්නේ කෙසේද?
මට අවමංගල්‍යය උත්සවයක් සඳහා සහභාගී වීම අත්‍යවශ්‍ය වී ඇත මම අනුගමනය කළ යුතු ක්‍රියා මාර්ග මොනවාද ?
රෝහලක සිටින අයෙකු බැලීමට පැමිණෙන විට ගත යුතු පියවර මොනවාද?
නිරෝධායන සමයේ මම අනුගමනය කළ යුතු ක්‍රියා මාර්ග මොනවාද? මා ගැන සැලකිලිමත් වන්නේ කෙසේද?
කොරෝනා රෝගියෙකු සමග සමීප සබඳතාවක් පැවැත්වූවා නම් මම කුමක් කළ යුතුද?
කෝවිඩ්-19 කාලය තුළ මම පලතුරු සහ එළවළු සේදිය යුත්තේ කෙසේද?
ප්‍රතිශක්තිකරණ පද්ධතිය ශක්තිමත් කිරීම සඳහා ආහාරයට ගත යුතු ආහාර මොනවාද?
සිල්ලර බඩු ගබඩා වලදී මම ගත යුතු පියවර මොනවාද?
කෝවිඩ්-19 වැළැක්වීම සහ අවම කිරීම සඳහා සේවා ස්ථාන සැලසුම් කරන්නේ කෙසේද?
කෝවිඩ්-19 ලබා ගැනීමේ අවදානම අඩු කර ගන්නේ කෙසේද?
නිවසින් බැහැර ගොස් නැවත පැමිණිය පසු ඇඳුම් සහ බඩු බාහිරාදිය පිරිසිදු කරගත යුත්තේ කෙසේද?
මුඛ ආවරණ පැළලඳීමේදී සහ ඉවත් කිරීමේදී අනුගමනය කළ යුතු නිවැරදි ක්‍රියා පිළිවෙත කුමක්ද?
පොදු ස්ථාන වලදී සහ රැකියා ස්ථානයේදී කොවිඩ් වසංගතයෙන් ආරක්ෂා වන්නේ කෙසේද?
කෝවිඩ්-19 සඳහා ප්‍රතිකාර තිබේද?
මම මේ වෙනකොට නිරෝධායනය වෙමින් ඉන්නේ. මගේ නිවසේ අනෙකුත් පුද්ගලයින් ද නිරෝධායනය කිරීමට සිදු වේද?
කොරෝනා වෛරසයේ ලක්‍ෂණ මොනවාද?
මට හුස්ම ගැනීමේ අපහසුව සහ හුස්ම හිරවීම තිබේ නම් කුමක් කළ යුතුද?
මට කෝවිඩ්-19 රෝග ලක්‍ෂණ ඇත. මම මුලින්ම කුමක් කළ යුතුද?
මගේ වෛද්‍යවරයා රාජකාරියේ නොමැති අතර මට කෝවිඩ් රෝග ලක්‍ෂණ තිබේ. මම කළ යුත්තේ කුමක් ද?
පරීක්‍ෂණයක් සඳහා යොමු කිරීමක් කළ හැක්කේ ප්‍රාථමික වෛද්‍යවරයකුට පමණක් ද?
පරීක්ෂණ ප්‍රතිඵලය මම කොහෙන්ද සොයා ගන්නේ?
"මගේ පරීක්‍ෂණ ප්‍රතිඵලය පොසිටිව් නම්, ඒ ගැන මා දැනුවත් කරනවාද?"
අසනීප වූ පුද්ගලයෙකු සමඟ සමීපව ඇසුරු කිරීමෙන් අදහස් කරන්නේ කුමක්ද?
පොසිටිව් පරීක්‍ෂණ ප්‍රතිඵලයක් ලැබූ අයෙකු සමඟ මම සමීපව ඇසුරු කළෙමි. මම එය කොහේ හරි වාර්තා කළ යුතුද?
ආසාදිත පුද්ගලයෙකු සමඟ සමීප සම්බන්ධතා පැවැත්වීමෙන් පසු මම නිරෝදායනය වන බව දැන්විය යුතුද?
මම අසනීප වූ අයෙකු සමඟ සමීප සම්බන්ධතා පැවැත්වූ නමුත් නිරෝධායනයකට ලක් කළ බව මට දන්වා නැත. ඒ කියන්නේ මට වැඩට යන්න පුළුවන්ද ?
නිරෝධායනය ගැන මට වැඩිදුර තොරතුරු ලබා ගත හැක්කේ කොතැනින්ද?
අසනීප වූ අයෙකු සමඟ සම්බන්ධතා පැවැත්වුවද සුවය ලබන අය නිරෝධායනය නොකෙරේ ද?
කොරෝනා වෛරසය ආසාදිත පුද්ගලයෙකු සමඟ සම්බන්ධතා පැවැත්වීමෙන් පසු කොවිඩ් -19 සඳහා එන්නත් ලබා දුන් පුද්ගලයෙකු නිරෝධායනයට ලක් කරන්නේද?
කොවිඩ්-19 පරීක්‍ෂණය සඳහා මට යොමු කිරීමක් ලබා ගත හැක්කේ කාගෙන්ද?
මට කෝවිඩ් පරීක්ෂණ ලබා ගත හැක්කේ කොතැනින්ද?
කෝවිඩ් පරීක්ෂණ සඳහා මිල ගනන් කෙසේද?
පරීක්ෂණය සඳහා මම වේලාවක් වෙන් කර ගන්නේ කෙසේද?
ජාතික සෞඛ්‍ය ආරක්‍ෂක අරමුදලේ ක්‍ෂණික ඇමතුම් අංකයෙන් මගේ පරීක්ෂණ ප්‍රතිඵල ලබා ගන්නේ කෙසේද?
මම පරීක්ෂණය සඳහා සූදානම් විය යුත්තේ කෙසේද?
පරීක්ෂණ ප්‍රතිඵලය මට සොයා ගත හැක්කේ කොතැනින්ද?
කෝවිඩ් වැළඳී ඇති බව පරීක්ෂණ මඟින් තහවුරු වුවහොත්මම ඊළඟට කුමක් කළ යුතුද?
කෝවිඩ් පරීක්ෂණයක් සඳහා හෝ නිරෝධායනය වීම සඳහා මම සෞඛ්‍ය බලධාරියෙකු ගෙන් අවසර ලබාග ගත යුතු ද?
පරීක්ෂණ කොපමණ කාලයක් වලංගුද?
ප්‍රතිදේහජනක පරීක්‍ෂණය පීසීආර් පරීක්‍ෂණයට සමානද?
මම පරීක්ෂණ දෙකක් කර ඇති අතර ඒ දෙකම අවිනිශ්චිතය. මම කළ යුත්තේ කුමක් ද?
මගේ නිවසේ වෙනත් පුද්ගලයෙක් පරීක්ෂණ ප්‍රතිඵලයක් බලාපොරොත්තුවෙන් සිටී නම් මම නිරෝධායනයට ලක් විය යුතුද?
මම කොරෝනා වයිරස් පරීක්ෂණයක් කළ නමුත් එහි ප්‍රතිඵලය තවමත් මට ලැබී නැත.
මම කොරෝනා වයිරස් පරීක්ෂණයක් කළ අතර එහි ප්‍රතිඵලය පොසිටිව් ය. මම එය කොහේ හරි වාර්තා කළ යුතුද?
සුවසැරිය ගිලන් රථය පැමිණියේ නැත. මම එය වාර්තා කළ යුත්තේ කොතැනින්ද?
වෛද්‍යවරයෙකු විසින් නියම කරන ලද පරීක්ෂණය නොපැවැත්වීම ගැන ඔබට දඬුවම් කළ හැකිද?
පරීක්ෂණ ප්‍රතිඵල විද්‍යුත් තැපෑලෙන් හෝ කෙටි පණිවුඩයකින් ලබා ගැනීමට කුමක් කළ යුතුද?
මට නෙගටිව් පරීක්ෂණ ප්‍රතිඵලයක් ඇත. මට මගේ ගෙදරින් එළියට යන්න පුළුවන්ද?
සුවසැරිය ගිලන් රථයක් ඇණවුම් කරන්නේ කෙසේද?
ප්‍රාථමික වෛද්‍යවරයෙකුට රෝගියෙකු මත ප්‍රතිදේහජනක පරීක්ෂණයක් කළ හැකිද?
මම එක්සත් රාජධානියේ සිට නැවත ශ්‍රී ලංකාවට පැමිණියෙමි. මම කොරෝනා වයිරස් පරීක්ෂණයක් කළ යුතුද?
ලංකාවට පැමිණීමේදී අනිවාර්ය නිරෝධායනයෙන් නිදහස් කෙරෙන පරීක්‍ෂණ මොනවාද සහ ඒවා කෙසේ සිදු කළ යුතුද?
අනිවාර්ය නිරෝධායනයට යටත් වන්නේ කවුද?
නිරෝධායනය නොකළ යුත්තේ කවුද?
නිරෝධායනය සහ හුදකලාව අතර වෙනස කුමක්ද?
රෝහල් හුදකලාව දින කීයක් පවතිනවාද?
මම සනීපාරක්ෂක පරීක්ෂක කාර්යාලයට සම්බන්ධ වන්නේ කෙසේද?
"මගේ කොරෝනා වයිරස් පරීක්‍ෂණයේ ප්‍රතිඵලය පොසිටිව් විය. මම නිවසේ හුදෙකලා වී සිටිමි. හුදෙකලා වීමේදී, මට පෙර නොතිබූ කොරෝනා වයිරස් රෝග ලක්‍ෂණ මට තිබුණි. මට කොපමණ දිනක් හුදකලාව සිටීමට සිදු වේද?"
මම අසනීප පුද්ගලයෙක් සමඟ සම්බන්ධතා පැවැත්වුවා. මම කොපමණ දින නිරෝධායනයේ සිටිය යුතුද?
මම අසනීප පුද්ගලයෙක් සමඟ සම්බන්ධතා පැවැත්වුවා. මම නිරෝධායනයේ සිටිමි. මම කොරෝනා වයිරස් පරීක්ෂණයක් කළ යුතුද?
මම පිටරට සිට පැමිණි අතර මම නිරෝධායනයට ලක්වෙමි. මම කොරෝනා වයිරස් පරීක්ෂණයක් කළ යුතුද?
"මම කොරෝනා වයිරස් සඳහා පොසිටිව් බව පරීක්‍ෂා කර ඇති අතර, මම නිවසේ හුදෙකලා වී සිටිමි, මට රෝග ලක්‍ෂණ නොමැත. මට කොපමණ දිනක් හුදකලාව සිටීමට සිදු වේද?"
මගේ නිවසේ නිරෝධායනයේ සිටින පුද්ගලයින්ගේ තත්වය පරික්ෂා කරන්නේ කෙසේද?
නිරෝධායනය වීමෙන් පසු ශ්‍රී ලංකාවට පැමිණෙන පුද්ගලයින් සඳහා සනීපාරක්ෂක පරීක්‍ෂකවරයා විසින් නිරෝධායන සහතික නිකුත් කළ යුතුද?
කොරෝනා වෛරසය ආසාදනය වූ අයෙකු කුලී රථයක හෝ පෞද්ගලික වාහනයක හඳුනා ගත්තොත් එම වාහනය නිරෝධායනයට ලක් කළ යුතුද? වෙනත් රියදුරෙකුට මෙම වාහනය පැදවීම ආරම්භ කළ හැක්කේ කවදාද?
ආච්චි කෙනෙක් ප්‍රතිකාර ලබා රෝහලකින් නිවසට පැමිණීමට සූදානම් වන විට නිරෝධායනය වූ පවුලක් කුමක් කළ යුතුද?
"මම නිරෝධායනයේ සිටියත් බරපතළ රෝගී තත්ත්වයක් දැනෙන්නේ නෑ, මම නිරෝධායනය කරන ස්ථානයේ සිට දුරස්ථව වැඩ කරාට කමක් නැද්ද?"
සිඟමන් යදින්නන් නිරෝධායනයට ලක් කරන්නේ කෙසේද සහ ඔවුන් අධීක්ෂණය කරන්නේ කවුද?
ජාත්‍යන්තර ක්‍රීඩා තරඟ වලට සහභාගී වන අය නිරෝධායනයට ලක් කළ යුතුද?
ආසාදිත පුද්ගලයෙකු සමඟ සම්බන්ධතා පැවැත්වීමෙන් පසු සනීපාරක්ෂක පරීක්‍ෂකවරයා මාව සම්බන්ධ කර නොගන්නේ නම් මට කිසිදු බාධාවකින් තොරව නිවසින් පිටව යා හැකිද?
නිවාස නිරෝධායනය පිළිබඳ ගැටලුවක් වාර්තා කිරීමට මම ඇමතිය යුතු දුරකථන අංක මොනවාද?
ආසාදිත පුද්ගලයෙකු නිරෝගී යැයි ප්‍රකාශ කිරීමෙන් පසු තවමත් හුදෙකලා විය යුතුද?
දින 10 ක හුදකලාව අවසන් වූ පුද්ගලයෙකුට වෙනත් පරීක්ෂණයක් පැවැත්වීම අවශ්‍යද?
මට කොරෝනා වැලළඳී ඇති බව පරීක්ෂණයක් මගින්  තහවුරු විය. මම කළ යුත්තේ කුමක් ද?
මම ආසාදිත පුද්ගලයෙකු සමඟ සම්බන්ධතා පැවැත්වුවෙමි. මට නිරෝධායන අවශ්‍ය නම් මම කුමක් කළ යුතුද?
මට නිරෝධායන ලිපිනය වෙනස් කළ හැකිද?
මම නිවසක ජීවත් වන අතර මගේම වත්තක් ඇත. නිරෝධායනය තුළදී මට කිසිදු සීමා කිරීමකින් තොරව එය භාවිතා කළ හැකිද?
කොරෝනා වයිරස් පරීක්‍ෂණයක් සඳහා නිරෝධායනයෙන් හෝ හුදෙකලා වීමෙන් මට සනීපාරක්ෂක පරීක්‍ෂකවරයාගෙන් අවසර ලබා ගත යුතුද?
මා සමඟ ජීවත් වන පුද්ගලයා අනිවාර්ය නිරෝධායනයක සිටී. මමත් නිරෝධායනයේ සිටිය යුතුද?
පිටරට සිට පැමිණෙන හෝ රෝගී පුද්ගලයෙකු සමඟ සම්බන්ධතා පැවැත්වූ පුද්ගලයින් සඳහා නිරෝධායන ක්‍රියාවලිය සිදු වන්නේ කෙසේද?
මාව නිරෝධායනයට ලක් කළා. මම පරීක්ෂණයක් කළ අතර එහි ප්‍රතිඵලය .ණාත්මක ය. මගේ නිරෝධායනය ඉවත් කරන්නේ කවදාද?
මම ප්‍රතිදේහ පරීක්‍ෂණයක් කළ අතර මට කොවිඩ්-19 ඇති බවට තහවුරු වී තිබේ. ආසාදිත පුද්ගලයෙකු සමඟ සම්බන්ධතාවක් තිබුනහොත් මා නිරෝධායනයට ලක් වේද?
දෙවන වරටත් පරීක්‍ෂණයක් සඳහා මාව යොමු කළ හොත් (අවිනිශ්චිත ප්‍රතිඵලයක් හේතුවෙන්) මට තවත් දින 10 ක නිරෝධායනයකට මුහුණ දීමට සිදු වේද?
නිරෝධායනයට භාජනය වන්නේ කවුරුන්ද සහ එය කොපමණ කාලයක්ද? මගේ ගෙදර අය ගැන කුමක් කිව හැකිද?
මම සෞඛ්‍ය සේවා වෘත්තිකයෙක්. ආසාදිත පුද්ගලයෙකු සමඟ සම්බන්ධතාවක් ඇති වුවහොත් මා නිරෝධායනයට ලක් වේද?
දින 7 ක නිරෝධායනයක ඇති නීති මොනවාද?
නිරෝධායනය තුළ ඇති මූල්‍ය ප්‍රතිලාභ මොනවාද?
ගෘහස්ථ සාමාජිකයෙකු නිරෝධායනය කිරීමේදී අනුගමනය කළ යුතු නීති මොනවාද?
අසනීප වූ අයෙකු සමඟ සම්බන්ධතා පැවැත්වුවද සුවය ලබන අය නිරෝධායනය නොකෙරේ ද?
මගේ ගෙදර සාමාජිකයාගේ පරීක්‍ෂණ ප්‍රතිඵලය පොසිටිව් වන අතර මගේ නෙගටිව්ණාත්මකයි. මම කුමක් කළ යුතුද?
"මගේ දින 10 නිරෝධායනය අවසන් වී පසු දින, මට පොසිටිව් පරීක්ෂණ ප්‍රතිඵලයක් ලැබුණි. මාව හුදෙකලා කරනවාද?"
මට වෙනත් පුද්ගලයෙකු වෙනුවෙන් නිරෝධායනය වාර්තා කිරීමට අවශ්‍යයි. මම එය කරන්නේ කෙසේද?
"මට කොරෝනා ආසාදනය වී ඇති  බව තහවුරු වුවහොත්, ගෘහස්ථ සාමාජිකයින් හුදෙකලා වීමේ කාලය සහ නිරෝධායනය කිරීමේ කාලය ගණනය කරන්නේ කවදා සිටද?"
මම ජීවත් වන්නේ කොරෝනා වෛරසය ආසාදනය වූ පුද්ගලයෙකු සමඟ ය. මම කළ යුත්තේ කුමක් ද?
මාව නිරෝධායනයට ලක් කර ඇතත් නිසි සනීපාරක්ෂක පරීක්‍ෂකවරයෙකුගේ පරිපාලන තීරණය මට ලැබී නැත.
නැවත අසනීප වූ (පොසිටිව් පරීක්‍ෂණ ප්‍රතිඵලයක් ඇති) සුවය ලබන රෝගියෙකු හුදෙකලා කිරීමට අවශ්‍යද?
නිරෝධායනය තුළදී මට බල්ලෙකු සමඟ ඇවිදින්න පුළුවන්ද?
නිරෝධායනයකට ලක් කර ඇති බවට තොරතුරු ලැබුණු ස්වයංක්‍රීය ඇමතුමක් මට ලැබුණි. කොවිඩ්-19 රෝගී පුද්ගලයෙකු සමඟ මම කිසිදු සම්බන්ධයක් පවත්වා නැති අතර මට රෝග ලක්‍ෂණ නොමැත. මම කළ යුත්තේ කුමක් ද?
"මම නිරෝධායනය අවසන් කළා. කෙසේ වෙතත්, මම ගෙදර සිටීදැයි පොලිසිය පරීක්‍ෂා කරමින් සිටී. මම කළ යුත්තේ කුමක් ද?"
මම නිරෝධායනයේ සිටින අතර මම මුදල් ගෙවා පරීක්‍ෂණයක් කළෙමි. පරීක්‍ෂණ ප්‍රතිඵලය නෙගටිව්ණාත්මක වුවහොත් නිරෝධායනයෙන් නිදහස් වේද?
ළදරුවන් නිරෝධායනයට ලක් කළ බව වාර්තා කළ යුතුද?
නිරෝධායනය/හුදකලා කිරීමේ නීති උල්ලංඝනය කිරීම් වාර්තා කළ යුත්තේ කොතැනින්ද?
"මම ගැබ්ගෙන සිටින අතර දැනට හුදකලා/නිරෝධායනයක සිටිමි. නියමිත දිනය ආසන්නයි, මම කළ යුත්තේ කුමක්ද?"
මම දරුවෙකු සමඟ නිරෝධායනයක සිටිමි. මම විශේෂයෙන් ම අනුගමනය කළ යුතු ක්‍රියා මාර්ග මොනවාද?
මාව නිරෝධායනයට ලක් කළා. මම පරීක්ෂණයක් කළ අතර එහි ප්‍රතිඵලය .ණාත්මක ය. මගේ නිරෝධායනය ඉවත් කරන්නේ කවදාද?
මම සෞඛ්‍ය සේවා වෘත්තිකයෙක්. මම ජීවත් වන්නේ කොරෝනා වෛරසය ආසාදිත පුද්ගලයෙකු සමඟ ය. අනිවාර්ය නිරෝධායනයෙන් මා නිදහස් කර තිබේද?
සෞඛ්‍ය සේවා වෘත්තිකයන් සඳහා නිරෝධායන ක්‍රියාවලිය කෙසේද?
මම සෞඛ්‍ය සේවා වෘත්තිකයෙක් වන අතර මට කොවිඩ්-19 රෝග ලක්ෂණ ඇති බැවින් මාව පරීක්‍ෂණයකට යොමු කර ඇත. මම නිරෝධායනයේ සිටිය යුතුද?
මගේ නිරෝධායනය අවසන් වන්නේ කවදාදැයි මට පරීක්ෂා කළ හැක්කේ කොතැනින්ද?
"එන්නත අනිවාර්යද? එසේ නම්, එන්නත ලබා දීම ප්‍රතික්ෂේප කිරීම සඳහා යම් සම්බාධක තිබේද?"
එන්නත ආරක්ෂිතද? එය කුමන ආකාරයේ පරීක්ෂණ සහ ක්‍රියා පටිපාටිවලට යටත්ද?
මම කොරෝනා වැළඳීමෙන් පසු එන්නත් ලබා ගැනීමේදී සංකූලතා ඇති වෙනවද. මම එන්නත ලබා ගත යුතුද?
මට එන්නත ලබා ගත හැක්කේ කොතැනින්ද?
මට මුඛය සහ නාසය ආවරණය කළ හැකි එකම දෙය මුඛ ආවරණ පමණද?
මම පූජාවකට සහභාගී වන නමුත් මම පල්ලියෙන් පිටත සිටගෙන සිටිමි. මම මුඛ ආවරණ පැළඳිය යුතුද?
පල්ලියක දී මම මගේ මුඛය සහ නාසය ආවරණය කළ යුතුද?
මම වැඩ කරන්නේ කාර්යාලයක. එහිදී මම මගේ මුඛය සහ නාසය ආවරණය කළ යුතුද?
මම බස් රථයක හෝ දුම්රියේ මුහුණු ආවරණ පැළඳිය යුතුද?
මම කුලී රථයක මුඛ ආවරණ පැළඳිය යුතුද?
කාරයක මුඛ ආවරණයක් අවශ්‍යද?
වෙළඳසැල්වල සහ වෙළඳසැල් වල මුඛය සහ නාසය ආවරණය කිරීම අවශ්‍යද?
"මම ගොවියෙක්. මම කුඹුරේ, ගොවිපලේ වැඩ කරන විට මගේ මුහුණ වසා ගත යුතුද?"
මම මුදල් අයකැමියෙක්. මම පැය ගණනක් මුඛ ආවරණ පැළඳිය යුත්තේ කෙසේද? එය ඉතා අපහසුයි.
මම වැඩ කරන්නේ තැපැල් කන්තෝරුවක. මම මගේ රාජකාරි සමහරක් පිටුපසින් ද සමහරක් කවුන්ටරයේ ද කරමි. මම මගේ මුඛය සහ නාසය ආවරණය කළ යුත්තේ කෙසේද?
පාරේ ඇවිදින විට මම මගේ මුඛය සහ නාසය ආවරණය කළ යුතුද?
බයිසිකලයක් පැදවීමේදී මා ආවරණයක් පැළඳිය යුතුද?
"අවශ්‍ය පරතරය පවත්වා ගෙන යන හෝ වෙන් කරන ලද කාමර සහිත කාර්යාලයක වැඩ කරන විට, මුඛය සහ නාසය ආවරණය කිරීම අවශ්‍යද?"
මුඛය සහ නාසය ආවරණය කිරීමේ වගකීම සියලුම රැකියා සඳහා අදාළ වේද?
රෝහලක සේවය කරන වෛද්‍ය කාර්ය මණ්ඩලය සඳහා මාර්ගෝපදේශ/ක්‍රියා පටිපාටි තිබේද?
මෙම බොට් භාවිතා කිරීමෙන් මට ලබා ගත හැක්කේ කුමක්ද?
මගේ ප්‍රාථමික වෛද්‍යවරයා දුරකථන උපදේශනයක් ලබා දීම ප්‍රතික්ෂේප කළහොත් මම කුමක් කළ යුතුද?
ප්‍රාථමික සෞඛ්‍ය සේවා සැපයුම්කරු වෙත දුරකථනයෙන් සම්බන්ධ වීමට නොහැකි නම් සහ වෛද්‍ය මධ්‍යස්ථානයේ පෞද්ගලික සංචාරයකදී මට බෙහෙත් වට්ටෝරුවක් ලබා දීම ප්‍රතික්ෂේප කළ හොත් මට බෙහෙත් වට්ටෝරුවක් ලබා ගත හැක්කේ කොතැනින්ද?
කොරොන වයිරස් ආසාදනය වුවහොත් ඊඑච්අයිසී කාඩ්පතක් සමඟ ලංකාවට එන රෝගියෙකුට ප්‍රතිකාර ලබා දෙනවාද?
කොරොන වයිරස් ආසාදනයකදී ඊඑච්අයිසී කාඩ්පතක් සමඟ යුරෝපා සංගම් රටකට යන රෝගියෙකුට ප්‍රතිකාර කළ හැකිද?
"රෝගියෙකුට රක්‍ෂණයක් නොමැති නම් සහ විදේශිකයෙකු නම්, ඔහුට හෝ ඇයට කොවිඩ් -19 සඳහා නොමිලේ ලංකාවේදී ප්‍රතිකාර ලබා දෙනු ඇත්ද?"
හමුවීමක්/ප්‍රතිකාරයක් සඳහා මුල් යොමු කිරීම මා රෝහලට හෝ සායනයට ඉදිරිපත් කළ යුතුද?
දැනට සීමිත ප්‍රමාණයකට ක්‍රියාත්මක වන ජාතික සෞඛ්‍ය අරමුදල විසින් නිල කටයුතු කෙසේ කළමනාකරණය කර ගනු ඇත්ද?
මට වෛද්‍ය උපකරණ කිහිපයක් මිලදී ගත හැක්කේ කොතැනින්ද?
සෞඛ්‍ය සේවා පහසුකම් (උදා: ළමයින් හඳුනාගත් සායනයක්) වසා දැමීමට කවුද තීරණ ගන්නේ?
ඩයලිසිස් මධ්‍යස්ථානයේදී කොරෝනා වයිරසයක් සැක කෙරේ නම් හෝ යමෙකුට ආසාදනය වී ඇත්නම් ඩයලිසිස් අවශ්‍ය පුද්ගලයින් කුමක් කළ යුතුද? ඔවුන් ගත යුතු පියවර මොනවාද?
ජංගම නියැදි ලබා ගැනීමේ ස්ථානයක පරීක්‍ෂණය සිදු කරන්නේ කෙසේද?
මම සනීපාරක්ෂක හා වසංගත රෝග විද්‍යාගාරය සම්බන්ධ කර ගන්නේ කෙසේද?
මම කොවිඩ්-19 වලින් සුවය ලැබූ පසු මට මගේ ප්ලාස්මා පරිත්‍යාග කිරීමට අවශ්‍යයි. මම එය කරන්නේ කෙසේද?
මම නිවසේදී නිවාස සෞඛ්‍ය සේවා ලබා ගන්නේ කෙසේද?
ඔක්සිමීටරයක් ​​සමඟ මිනුම් සිදු කරන්නේ කෙසේද?
සෑම දිනකම ස්පන්දන ඔක්සිමීටර මිනුම් සිදු කළ යුතුද?
ගෘහස්ථ සෞඛ්‍ය සේවා සම්බන්ධතා මධ්‍යස්ථානය මඟින් හෝ ලංකාවේ ප්‍රාථමික සත්කාර වෛද්‍යවරයෙකු විසින් දුරකථන ඇමතුම් ලබා දෙනවාද?
"සාප්පු, සාප්පු සංකීර්ණ, වාණිජ මධ්‍යස්ථාන විවෘත ද?"
සාප්පු වල හෝ සාප්පු මධ්‍යස්ථාන වල පාරිභෝගික සීමාවන් තිබේද?
සාප්පු මධ්‍යස්ථාන වල ජිම් සහ ශරීර සුවතා සමාජ ශාලා විවෘත වේද?
මේ දවස් වල  හෝටල් වලින් ආහාර ගැනීමේදී විශේෂයෙන් සැලකිලිමත් විය යුතු දේවල් මොනවද?
කොණ්ඩා මෝස්තර සහ රූපලාවණ්‍යාගාර විවෘත ද?
මම තවමත් ගබඩා වල අත්වැසුම් පැළඳිය යුතුද?
සාප්පු වල අත්වැසුම් පැළඳීම අවශ්‍ය ඇයි?
අවමංගල්‍ය උත්සවයකට කී දෙනෙකුට සහභාගී විය හැකිද?
මංගල උත්සව වලට කී දෙනෙකුට සහභාගී විය හැකිද?
පෙලපාලියකට කී දෙනෙකුට සහභාගී විය හැකිද?
මට මගේ ස්ථානයේ රැස්වීමක් සංවිධානය කළ හැකිද?
මියගිය පුද්ගලයෙකු මිනී පෙට්ටියක තැන්පත් කළ හැකිද නැතහොත් ආදාහනය කිරීම අනිවාර්යද?
අවමංගල්‍ය උත්සවයේදී අදාළ වන සීමා මොනවාද?
කොවිඩ්-19 ආසාදනය වී මියගිය පුද්ගලයෙකුගේ අවමංගල්‍ය උත්සවයට පවුලට පිටතින් සහභාගී විය හැකිද?
කොවිඩ් -19 ආසාදිත පුද්ගලයෙකුගේ අවමංගල්‍ය උත්සවයකදී අතිරේක සනීපාරක්ෂක සීමා තිබේද?
කොවිඩ් -19 හේතුවෙන් මියගිය පුද්ගලයින් හැකි ඉක්මනින් භූමදාන කළ යුතු බව සත්‍යයක්ද?
"සම්මේලන, පොළ සහ සම්මන්ත්‍රණ ගැන කුමක් කිව හැකිද?"
හෝටල් සාමාන්‍යයෙන් වැඩ කරනවාද?
"මම හෝටලයක නවාතැන් ගැනීමේදී ව්‍යායාම ශාලාව, පිහිනුම් තටාකය හෝ විනෝදාත්මක ප්‍රදේශය භාවිතා කිරීමට මට හැකි වේද?"
මට අවන්හලකට යන්න ඕන. මම එහි පරිශ්‍රයේ මුහුණු ආවරණයක් පැළඳිය යුතුද?
හෝටල් ආපනශාලා වලට හෝටල් කාමර වල අමුත්තන්ට ආහාර ලබා දිය හැකිද?
සේවක හෝටල් සාමාන්‍යයෙන් ක්‍රියාත්මක වේද?
කඳවුරු හා ක්‍රීඩා තරඟ වලදී ක්‍රීඩක ක්‍රීඩිකාවන්ට හෝටල් සේවා භාවිතා කළ හැකිද?
මම ජෝගිං පුහුණු වෙනවා. දුවන විට මට වෙස්මුහුණක් පැළඳිය යුතුද?
ව්‍යායාම ශාලාවක පුහුණුවෙන් පසු මට ස්නානය කළ හැකිද?
"ළමුන් සඳහා සෝනා, ජැකුසි හෝ පඩි තටාකයක් භාවිතා කළ හැකිද?"
වෙස්මුහුණක් නොමැතිව ශාරීරික ක්‍රියාකාරකම් වලට අවසර තිබේද?
සහභාගිවන්නන්ට ක්‍රීඩා පහසුකම් වල පිහිටි මාරු කරන කාමර සහ ස්නානය භාවිතා කළ හැකිද?
බයිසිකලයක් පැදවීමේදී මා ආවරණයක් පැළඳිය යුතුද?
"ආධුනික ක්‍රීඩා ඉසව් (දිවීම, පාපැදි පැදීම සහ වෙනත් එළිමහන් තරඟ වැනි) සංවිධානය කළ හැකි අතර එවැනි සිදුවීම් සීමා වලට යටත් විය හැකිද?"
"ව්‍යායාම් ශාලා වසා දමා තිබීම යන්නෙන් අදහස් කරන්නේ යෝග චිත්‍රාගාර, බිත්ති නැගීම හෝ ස්කොෂ් ක්‍රීඩාංගණ වැනි යෝග්‍යතා සමාජ ශාලා වසා දමා තිබේද?"
පුද්ගලයෙකු අසනීප වී හෝ කොරෝනා වෛරසය ආසාදනය වී ඇතැයි සැක කෙරෙන සේවා ස්ථානයක කාමර විෂබීජහරණය කළ යුත්තේ කෙසේද? මෙම විෂබීජහරණය සිදු කර ඇති බව තහවුරු කළ යුත්තේ කවුද?
මම කුරියර් සේවාවක් පවත්වන අතර මම ගනුදෙනුකරුවන් සහ පාර්සල් රාශියක් සමඟ සම්බන්ධවෙමි. මම කෙසේ හැසිරිය යුතුද?
"සේවා යෝජකයන්ට ශරීර උෂ්ණත්වය මැනීමේ අවශ්‍යතාවක් සේවකයින් මත පනවා හා ඉහළ උෂ්ණත්වයක් ඇති වුවහොත් ඔවුන්ව ගෙදර යැවිය හැකිද? එසේ නම්, සීමිත උෂ්ණත්වය කීයද; එසේ නොවේ නම්, සේවා යෝජකයින්ට එය කළ නොහැක්කේ ඇයි සහ ආසාදනය වීමේ අවදානම අවම කිරීම සඳහා ඔවුන්ට වෙනත් යමක් කළ හැකිද?"
මගේ දරුවාට වයස අවුරුදු 10 ටත් වඩා අඩු වන අතර දැන් නිරෝධායනය කෙරේ. නිවසේ දී සැලකිලිමත් විය යුතු දේවල් මොනවාද?
මට අවුරුදු 10 ට අඩු දරුවෙක් නිරෝධායනයට ලක් කර ඇත. මම ඔහුට රැකවරණය ලබා දිය යුත්තේ කෙසේද ?
සේවකයින්ට කොරෝනා වෛරසය ආසාදනය වී ඇති බව සේවායෝජකයින් විසින් සනීපාරක්ෂක පරීක්ෂක කාර්යාලයට දැනුම් දිය යුතුද?
නිරෝධායන තොරතුරු තහවුරු කළ හැක්කේ කොතැනින්ද?
මම ආසාදිත පුද්ගලයෙකු සමඟ සම්බන්ධතා පැවැත්වූ අතර මගේ සේවායෝජකයා විසින් සනීපාරක්ෂක පරීක්ෂක කාර්යාලයට මට වාර්තා කර ඇත. දින 10 ක් තිස්සේ කිසිවෙකු මා හා සම්බන්ධ වී නැත්නම් මම කුමක් කළ යුතුද?
විශ්ව විද්‍යාල වල ක්‍රියාකාරිත්වය සම්බන්ධයෙන් මාර්ගෝපදේශ තිබේද?
වසංගතය අතරතුර ලංකාවට ඇතුළුවීම තහනම් කර ඇති රටවල් මොනවාද?
මම දැන් ඉන්නේ විදේශ රටක. මට නැවත ලංකාවට යා හැකිද?
කොවිඩ් -19 වසංගත කාලය තුළ නැවත ලංකාවට පැමිණීම සඳහා මට උදව් ඉල්ලිය හැක්කේ කොතැනින්ද?
ආහාර මඟින් වෛරසය සම්ප්‍රේෂණය කළ හැකිද?
ආහාර සුරක්‍ෂිතව තබා ගැනීමට කුමක් කළ යුතුද?
තාපය සැපයීම මඟින් කොරෝනා වයිරසය විනාශ කරයිද?
පාරිභෝගිකයෙක් ගත යුතු ක්‍රියාමාර්ග මොනවාද?
ශරීරය පුරා ඇල්කොහොල් හෝ ක්ලෝරීන් ඉසීමෙන් නව කොරෝනා වෛරසය විනාශ කළ හැකිද?
අත් වියළුම් යන්ත්‍ර මඟින් නව කොරෝනා වෛරසය විනාශ කළ හැකිද?
පාරජම්බුල කිරණ විෂබීජ නාශක ලාම්පුවකට නව කොරෝනා වයිරස් විනාශ කළ හැකිද?
නිව්මෝනියා එන්නත නව කොරෝනා වෛරසයෙන් ආරක්ෂා වීමට යොදා ගත හැකිද?
සේලයින් ද්‍රාවණයකින් නිතරම නාසය සේදීමෙන් නව කොරෝනා වෛරසය ආසාදනය වීම වළක්වා ගත හැකිද?
සුදුළූණු ආහාරයට ගැනීමෙන් නව කොරෝනා වෛරසය ආසාදනය වීම වැළැක්විය හැකිද?
සීතල කාලගුණය සහ හිම වලට කොරෝනා වෛරසය විනාශ කළ හැකිද?
කොවිඩ් රෝගීන් සංඛ්‍යාව කොපමණ ද?
ලොව පුරා කොවිඩ් 19 රෝගීන් කොපමණ ද?
ලෝකයේ කොවිඩ් රෝගීන් ගණන කීයද?
මුළු කොවිඩ් රෝගීන් සංඛ්‍යාව?
ගෝලීය කොවිඩ් 19 රෝගීන් ගණන
ශ්‍රී ලංකාවේ කොවිඩ් රෝගීන් සංඛ්‍යාව කොපමණ ද?
ලංකාවේ මුළු කොවිඩ් රෝගීන් සංඛ්‍යාව?
ලංකාවේ කොවිඩ් රෝගීන් ගණන කීයද?
ලංකාවේ මුළු කොවිඩ් රෝගීන් සංඛ්‍යාව මට කියන්න
දේශීය කොවිඩ් 19 රෝගීන් සංඛ්‍යාව කොපමණ ද?
ලෝකයේ අද දින කොවිඩ් රෝගීන් කොපමණ සංඛ්‍යාවක් සිටිනවාද?
‌අද අලුතෙන් කොපමණ කොවිඩ් රෝගීන් සංඛ්‍යාවක් හාදුනාගෙන තියනවාද?
අද ලෝකයේ හදුනාගත් නව රෝගීන් ගණන කීයද?
ලොව පුරා අද දින අලුතෙන් හදුනාගත් රෝගීන් සංඛ්‍යාව කීයද?
ශ්‍රී ලංකාවේ නව කොවිඩ් රෝගීන් සංඛ්‍යාව කොපමණද?
අද දිනයේ ශ්‍රී ලංකාවේ නව කොවිඩ් රෝගීන් කියක් හදුනාගෙන තිබේද?
ශ්‍රී ලංකාවේ අද දිනයේ තහවුරු වූ රෝගීන් ගණන කීයද?
ලංකාවේ ගතවූ පැය 24 තුළ නව කොවිඩ් ආසාදිතයින් කියක් හදුනාගෙන තිබේද?
ලොව පුරා සිදු වූ කොවිඩ් මරණ සංඛ්‍යාව කොපමණ ද?
කොවිඩ් නිසා ලෝකයේ මිනිසුන් කී දෙනෙක් මියගොස් ඇත්ද?
‌ලෝකෙම කොවිඩ් වලින් කීයක් මැරිලද?
කොවිඩ් 19 හේතුවෙන් ලංකාවේ කොපමණ පිරිසක් මියගොස් ඇත්ද?
ලංකවේ කොවිඩ් වලින් කීයක් මැරිලද?
කොවිඩ් 19 නිසා ලංකාවේ කොපමණ පිරිසක් මියගොස් ඇත්ද?
ශ්‍රී ලංකාවේ මුළු කොවිඩ් මරණ සංඛ්‍යාව?
අද දිනයේ කොවිඩ් නිසා ලෝකයේ මිනිසුන් කී දෙනෙක් මියගොස් ඇත්ද?
අද ලෝකයේ නව මරණ
පසුගිය පැය 24 තුළ ලෝකයේ නව මරණ කොපමණ ප්‍රමාණයක් සිදුවී ඇත්ද?
අද කීදෙනෙක් මැරිලද ලංකාවේ කොවිඩ් වලින්
අද ශ්‍රී ලංකාවේ නව කොවිඩ් 19 මරණ සංඛ්‍යාව කොපමණ ද?
ශ්‍රී ලංකාවේ නව කොවිඩ් 19 මරණ
ලංකාවේ කොවිඩ් වලින් කීදෙනෙක් මැරිලද?
ශ්‍රී ලංකාවේ අද කොවිඩ් හේතුවෙන් කොපමණ පිරිසක් මියගොස් ඇත්ද?
ලංකාවේ පූර්ණ වශයෙන් එන්නත් කළ පුද්ගලයින් සංඛ්‍යාව කොපමණද?
ලංකාවේ එන්නත් මත්‍රා දෙකම ගත් පිරිස කොපමණද?
ලංකාවේ කී දෙනෙක්ට එන්නත් මත්‍රා දෙකම විදලද?
ලංකාවේ කීදෙනෙක් එන්නත් මත්‍රා දෙකම අරගෙනද්?
කොවිඩ් එන්නත දෙවන මාත්‍රාව ලබා ගත් පුද්ගලයින් සංඛ්‍යාව කොපමණද?
කොවිඩ් එන්නතෙහි පළමු මාත්‍රාව පමණක් ගත්  අය කොපමණද?
ශ්‍රී ලංකාවේ අර්ධව එන්නත ලබා ගත් පුද්ගලයින් සංඛ්‍යාව
ශ්‍රී ලංකාවේ කොවිඩ් සක්‍රීය රෝගීන් සංඛ්‍යාව කොපමණද?
‌දැනට ලංකාවෙ කීදෙනෙක්ට කොරෝනා තියනවද?
ශ්‍රී  ලංකාවේ කොවිඩ් රෝගීන් කොපමණ ප්‍රමාණයක් සුවය ලබා ඇත්ද?
‌ලංකාවේ කොවිඩ් සුවය ලැබූ රෝගීන්ගේ ප්‍රතිශතය කුමක්ද?
ලංකවේ කොවිඩ් සුවවීමේ ප්‍රතිශතය කීයද?
මට දැනගන්න ඕන දෙවෙනි මාත්‍රාව අරගත්තු කිට්ටුවම පොසිටිව් වුණොත් ඒක භයානක තත්ත්වයක්ද කියලා.
එක් වරක් ආසාදිත අයෙක් නැවත කොපමණ කාලයක් ආරක්ෂිතද
මට කොවිඩ් රෝග ලක්ෂණ තියෙනවා.අද 5 වෙනි දවස.ඇගට වෙහෙසයි. ගෑස් ගතිය හුගක් වැඩියි.මට උණුසුම් වතුර බිව්ව ගමන් බඩ පපුව දැවිල්ලයි.හුමාලෙ ඇල්ලුවෙ නෑ අද.මේකට  කරන්න ඕනි මොනවද
ඵලදායී හෙලඔසු ගැන දන්නා අය ඒවා ලබා ගත හැක්කේ කොහෙන්දැයි කරුණාකර මහජනයා දැනුවත් කරන්න.
වෛද්‍ය උපදෙස් ලබාගත හැකි දුරකතන අංකයක් සදහන් කරන්න පුළුවන්ද?
මෙම නව කොව්ඩ් ඩෙල්ටා රෝගීන් මගින් කොපමණ දුරකට වෛරස සම්ප්‍රේශණය වේද?
පිටරට යන්න කොවිඩ් එන්නත ලබා ගන්න ඔන්ලයින් රෙජිස්ටර් වෙන්නෙ මෙහෙමයි.
"බස්නාහිර පළාතට, පිට පළාත් වලින් පැමිණ , විවිධ සේවාවන්හි නියුතු වූවන්, පදිංචි සහතිකයක් නොමැතිව , මෙම එන්නත් ලබා ගන්නේ කෙසේද.?"
අපට කැමති එන්නත විදගන්න බැරිද?ඒ ගැන දන්නෙ නැති නිසයි අහන්නේ..හරියටම දන්න කෙනෙක් පිළිතුරුක් ලබාදෙන්නකො...
දෙවන එන්නත අපට තවම ලබා දුන්නේනැහැ..? එහි දෙවන එන්නත ලබා දෙන්නෙ කවදාද..?
ඇත්තටම දන්නේ නැති නිසයි අහන්නෙ......ඔය බෙහෙත් ව්ද්දට පස්සේ පසු කාලිනව ශාරිරයේ මොනයම් හෝ ප්‍රතිදේහ තත්වයක් මතු වෙන්නේම නැහැ කියලා සහතිකයක් දෙන්න පුලුවන්ද
පිට පළාත් වලින් කොළඹට පැමිණ රැකියාවල යෙදී සිටින අය.....එන්නත් ලබා ගන්නේ කෙසේද .......?
"මගේ පුතා වයස 29 යි කොළඹ රැකියා වට යනවා එන්නත ලබාදීමට පිලිවෙලක් කියන්න, ස්තුතියි"
"අප්‍රේල් මස 29 සිට මැයි මස 20 දක්වා පුරා දින 21ක් කෝවිඩ්19 වෛරස් තත්වය මත එහි ප්‍රථම මට්ටමේ ආසාදිතයන් හා ගැටුනු අයකු ලෙස හඳුනාගැනීමෙන් පසුව මූලික නිරෝධායන කාලය වන මුල් දින 14 තුලත්, අසාදිතයකුයැයි හඳුනාගත් දෙවන දින 14ත් ඇතුලුව පුරා දින 28ක් මා හුදකලාව ගත කරනු ලැබූවා."
මට නම් කැස්ස ඒ මොනවත් නෑ.උන තිබුනා.ඇග රිදෙනවා .
"මටනම් පළවෙනි දවසෙ කැස්ස, හෙම්බිරිස්සාව, නහය හිර වෙලා,උගුර බැඳිලා වගේ, කෑම කන්න බෑ අප්පිරියයි. පහුවදා උණ,ඔළුව කැක්කුම, කටහඬ වෙනස් උනා , ගඳ සුවඳ දැනුනෙ නැති උනා ලාවට වගේ දැනුනෙ. දුං අල්ලුවම එ්ක හරි ගියා. තුන්වෙනි දවසෙ අඩු වෙන්නෙ නැති උණ, ඉවසගන්න බැරි ඔළුව කැක්කුම, කොන්දෙ කැක්කුම, කකුල් හොල්ලගන්වත් බෑ රිදෙනවා. මුළු අැගම රිදෙනවා.හතරවෙනි පස්වෙනි දවස් වෙනකම්ම ඔය ටික තියෙනවා. හැබැයි මුල් දවස් තරම් ලොකු අමාරුවක් නෑ. ඊට පස්සෙ ටික ටික අඩු වෙනවා.ලොකුවට බෙහෙතක් කරේ නෑ, දුං ඇල්ලුවා(යකිනාරං කොළ, ගම්මිරිස්, ඉඟුරු දාලා තම්බලා හොදට දුම් අැල්ලුවා. ඇත්තටම එ්ක ගොඩක් හොදයි හෙම්බිරිස්සාව හොද උනෙත් , ගඳ සුවඳ අාවෙත් එ්කට) පැය හයෙන් හයට පෙනඩෝල් බිව්වා, විටමින් , උණ වතුර බිව්වා, නෑවෙ නෑ දවස් 10ම අැග විතරයි හේදුවෙ  හොදට නිදාගත්තා. ඉක්මණට අඩු උණා ඉතින් "
මුලින්ම ඇග රිදෙන්න ගත්තා. ඊට පස්සෙ ඉවසන්න බැරි ඔලුව කැක්කුමක් ආවා සීතලක් එක්ක. උගුර කට නහට වේලිලා වගේ. ඇස් රිදෙනවා පුදුම විදියට. ඇගට පණ නෑ. පස්සෙ තමයි ඇන්ටිජන් කරගත්තෙ. ඔලුව කැක්කුම එක දිගට දවස් 4ක් විතර තිබුණා. රස සුවද නැති වෙලා ගියා. කන්න පිරියක් නෑ. අදට දවස් 5යි. කට හඩත් වෙනස් වෙලා ගිහින් දැන්. එපා වෙලා ඉන්නෙ දැන්නම්.
කිසිම වෙලාවක නාන්න එපා. පුලුවන් තරම් උණු වතුරම බොන්න. ඒ වගේම උදේට අව්වේ ඉන්න ඕනෙ ඇග උණුසුම් වෙන්න. කන්න බැරි උනත් හැකි පමනින් කෑම කන්න උත්සාහ කරන්න. හේතුව ප්‍රතිශක්තීකරණය සදහා ඇගට ශක්තිය අවශ්‍ය නිසාවෙන්. නිදා ගන්නවනම් මුනින් අතට නිදාගන්න. රෝහල්ගතවී සිටී නම් සෑම විටම මුඛ ආවරණය පැලද සිටින්න. තව කෙනෙක්ට උපකාර කරන්න නමුත් තමන් සදහා ආරක්ශක ක්‍රියාමාර්ග පිලිපදිමින් උපකාර කරන්න. නැත්හොත් වෙනත් ප්‍රභේදයකට නැවතත් නිරාවරණය විය හැකි බැවින්. කුමක් හෝ අපහසුතාවයක් පවතීනම් වහාම වෛද්‍යවරයාට හෝ හෙද නිලධාරීන්ට ඒ බව දැනුම් දෙන්න.
"මුලින්ම සෙම ගතිය තමා මට දැනුනෙ...
පස්සෙ උණ ගත්තා... බේත් ගත්තා... බේත් බීල ටිකකින් හරියනව ආයෙ මතු වෙනව..
දවස දෙකකින් විතර පස්සෙ තද හිසරදයක් ගන්නව.
ඇස් අරින්නත් අමාරුයි වහන්නත් අමාරුයි වෙලාවකට ඒ තරමට හික කකියනව..
කන්නත් අප්පරියයි. කිසිම සුවඳක් ගඳක් දැනෙන්නැ. (පැගිරි කොල පොඩි කරල නහය ගාවට කළත් කිසිම පැඟිරි සුවඳ්ක් දැනෙන්නැ.)
කෑම අරුචිය එක්ක බඩ රිදෙනව ඔලුවත් එක්කම පිත ඇවිස්සිල වගේ වමනෙ ගතියක් දැනෙනවා..
එක පාරක් වමනෙත් ගියා කලන්තෙ හැදිල. ඒකෙන් පස්සෙ ටිකක් සහනයක් දැනුන.
හුස්ම ගන්න අපහසුතාවක් වැඩිය දැනුනෙ නැ.
හිසරදයනම් තාම තියෙයි. අප්පරිය ගතියත් එක්ක..
කෝමත් අර උණ, තද හිසරදය එක්ක බඩේ අමාරුව, වමනය තියෙන්නෙ දවස තුනක් වගේ..
මගෙ අත්දැකීම ඕමයි."
"හැදුනා ..
සාමාන්‍ය හෙම්බිරිස්සාවක් වගේ..
මුල් දවස් ටිකේ උන වැඩි වෙලා තිබ්බෙ
පස්සෙ බෙහෙත් බොනකොට අඩු වුණා..
දවස් 10  වගේ යනකොට හොඳ වුනා"
"වීස් එක තියන කෙනෙක්ට කොවිඩ් හැදුනොත් අමාරු වෙනවා මට වයස 21 ඒ අත්දැකීම මට ලැබුනා. හිතින් ගොඩක් ශක්තිමත් වෙන්න ඕන. කොවිඩ් වෝඩ් එකේ මගේ ඇද දෙපැත්තෙ අය මං ඉස්සරහම මැරෙනවා ඒ අයව ඔතනවා ආයෙ විශබීජහරණය කරනවා..මට මං ගැන තිබ්බ බයට වඩා ගෙදර අය ගැන බය දැනුනා. ළමේක් වෙලා මට මෙහෙම අමාරු නම් වයස වැඩි අයට කොහොමද කියල බය හිතුනා.ගෙදර අය කෝල් අරන් අඩනකොට පපුව පිච්චෙනවා. මේ බය තමන්ට , තමන්ගෙ කෙනෙක්ට හැදෙනකල් දැනෙන් නෑ..කියන්න තියෙන්නෙ මෙච්චරයි පරිස්සම් වෙමු තමන් ගැන හිතන්න බෑ නම් තමන් නිසා තව කෙනෙක්ට ලෙඩේ හැදෙන එක නවත්තන්නවත් උත්සාහ කරමු..හුස්ම ගන්න බැරුව හුස්ම හොයනකොට කදුලුත් එක්ක බුදුහාමුදුරුවෝන්ගෙන් පිහිට පැතුවා.. ඒත් ජීවිතේ අපි හැමදාම ඉන්න ඇවිත් නෑ. දැන් ඒ දේ ගොඩක් දැනුන නිසා ලෑස්ති පිට ඉන්නවා . මේ ලෝකෙන් මේ වසංගතය ඉක්මනින් තුරන් වෙත්වා"
"මුලින්ම උගුර වේලෙන්න ගත්තා, කෙලවත් ගිලින්න අමාරුයි, පස්සේ දවසේ ඇගේ අමාරුව එක්ක ඔළුවේ කැක්කුම අවා, ඊළඟ දවසේ උණ ගත්තා, උණ හැදුනාම නම් ටිකක් අමාරුයි, සැරින් සැරේට උණ ගන්නේ, උණ දවස් 3ක් වගේ තිබ්බා, රස සුවඳ දැනෙන් නෑ, කනවට කනවා ඇගවල් බලන් ඉද්දා කෙට්ටු වෙනවා, හැදුන අය ඉන්නවානම් දවසට 4 සැරයක් හුමාලය අල්ලන්න, හැම වෙලේම උණු වතුර බොන්න, කොත්තමල්ලි බොන්න, දොඩම්, අන්නාසි කන්න, ⁣කහට බොන්න, විටමින් බොන්න, අනිත් අයගෙන් ඈත් වෙලා ඉන්න මොකද, හතුරෙක්ටවත් හැදෙන්න හොඳ නෑ මේක, හැදෙන්න කලින් නම් මාත් කිසි ගානකට ගත්තේ නෑ, දැන් ඒත් දන්නවා ඉදිරියට ⁣පරිස්සම් වෙන්න ඕනි කියලා,  සනීපාරක්ශක දියර හැම වෙලේම ළඟ තියා ගන්න, වයිරස් ඇගට එන විදිහ දැන් කියන්න අමාරුයි, සල්ලි අත ගාද්දි අනිවාර්යයෙන් අත් සනීපාරක්ශක දියර බාවිතා කරන්න, සල්ලි වලින් වයිරස් එන බෝ වෙනවා වැඩී,"
සමාන්‍ය හෙම්බිරිස්සවක් වගේ මුලින් දැනෙන්නෙ.. නහය හිර වෙලා වගේ.හැබැයි නහයෙන් වතුර ගලන්නෙවත් මොකුත් නෑ.ගද සුවද රස දැනෙන්නැතිව යනවා.හිසරදේ තියනවා. ඇග පත රිදෙනවා..ගොඩක් තෙහෙට්ටු ගතියක් දැනෙනවා..දවස් දෙක තුනක් යද්දි තද උන සහ වමනෙ යනවා..කැරකිල්ල වගේත් තියනවා.
"සති ගානක් ඉදන් හුස්ම ගද්දි මහන්සියක් දැනුනා. පස්සෙ උන,හෙම්බිරිස්සාව ආව.. අන්තිමටන රස දැනුනෙ නෑ.. ඊට පස්සෙ තමයි ඇන්ටිජන් ටෙස්ට් කරේ..  පොසිටිව් වෙලා දවස් 3,4ක් යද්දී ගොඩක් අමාරු දැනුනා.. හුස්ම ගන්න අමාරු උනා ඒ වේදනාව කියාගන්න බෑ කොරෝනා හැදිල අමාරු වෙන්නම ඕනී ලෙඩේ ගැන තේරුම් ගන්න"
මමත් ඇතුලුව පව්ලේ ඔක්කොම හොස්පිටල් තාමත් කිසිම රසක් සුවදක් දැනෙන්නෙ නෑ කෑම කන්න බෑ...
"කොවිඩ් පොසිටිවු වෙලා ගඳ සුවද රස දැනෙන එකේ වෙනසක් නොවුන අය ඉන්නවද?
පොසිටිවු වුණ හැමෝටම ගද සුවඳ රස නොදැනී ගියාද?"
මම ගෙවන්නේ නිරෝධායනයේ 7 වෙනි දවස. උගුර වේලෙන ගතියක් නිතරම එනවා
මට උණ ගත්තා බෙහෙත් ගත්තාම දවස් දෙකකින් උණ බැස්සේ නැත්තම් ටෙස්ට් කරමු කිව්වා...ටෙස්ට් කරා පොසිටිව් උනා...ගෙදරම නිරෝධායනය වුනා...උණ බැස්සේ නෑ...ඇඟ සීතල වුනා..පීඑච්අයි කිව්වා පැන්ඩෝල් බොන්න කියලා...
"කෑමක් කන්න බෑ මෙලෝ රහක් නෑ .ඒ මදිවට නින්දක් නෑ නිදන් ඉදිදි යන්න වෙයිද කියලා හිතෙනවා, එක මෙහෙම කියන්න බෑ අමුතුම දෙයක්."
මුලින් ඇගට පන නැති ගතියක් අවා උණ ගන්න වගේ ලොකු ඔලුව කැක්කුම්ක් අවා උගුර කසනවා වගේ නහය බර ගතිය අදට හැදිලා තුන්වෙනි දවස
1 දවසෙ කොන්ද කැක්කුම 2දවස උදේට නැගිටිද්දි උගුරෙ සෙම බැදිල වගෙ දැනෙනව4/5 වගෙ දවස් වෙද්දී සුවද දැනෙන්නේ නෑ රස දැනෙන්නේ නෑ.
ලෙඩ හැදුන කෙනෙක්ට බෙහෙත විදින්න සුසුදු කොච්චර කාලයක් ගියාමද??
මටත් හැදුනා තාම නිරෝධනය වෙන ගමන්. වෙනදා වගේ නෙමේ පුදුම මහන්සියක් දැනෙන්නේ ඇගට අඩි 10 ඇවිදගන්න බෑ.මේ ලෙඩේ හැදුනාම තමයි තේරෙන්නේ මට හුස්ම ගන්න පුදුම අපහසුවක් තිබුනෙ ඉන්හෙලර් එකක් දුන්නට පස්සේ තමයි හරි ගියේ
"පිලිතුරක් බලාපොරොත්තු වෙමි..  මගේ දුවට මාස 4යි... මහත්තයා කොලඹ වැඩ. මේ අහල පහල කොරෝනා වැඩියි ටිකක්...මට දූව පරිස්සම් කරගන්න විදිය කියන්න. මට තිබ්බොත් දූට නොහැදෙන්න.. මන් මාස් එකක් දාගනදූවව ඇල්ලුවොත් මගේ ස්පර්ශයෙන් දරුවට යන් නැද්ද.අනික දුව මම. ,මහත්තයා එකම කාබරේ ඉන්න නිසා හුස්මෙන් යන් නැද්ද.. දුව ඉන්න ඇද ලගට යනකොට මාස් එක  දාගන ගියහම ආරක්ශිතද... පිලිතුරක් බලාපොරොත්තු වෙමි...මට මානසික වදයක් මේක... ළොකු බයක් එක්ක ජීවත් වෙන්නේ මම...
උදේ හවස දුම් අල්ලනවා... "
කොවිසිල්ඩ් දෙවන මාත්‍රව ගත්තු කෙනෙක්ට දවස් 5/6 අපහසුතා තියෙන්වද...හිසේ කැක්කුම් වගේ
දියත උයනේ දී අද හා හෙට සයිනොෆාම් දෙවන එන්නත ලබා දෙනවා ද කියා දැනගන්න පුළුවන් ද?
"ඇස්ට්‍රාසෙනිකා එන්නත ගත්තු අයට උණ,හිසරදය,ඇගේ අමාරුව දවස් දෙකක් පමණ පැවතීමටත්,,,සමහරෙක්ට එසේ නොවිමටත් හේතුව කුමක්ද ?"
එක් වරක් කොරෝනා හැදුනු කෙනෙකුට නැවත හැදෙනවාද?
මගේ අම්මට එන්නත් ගහන්න බෑ ඇගේ ගොඩක් ලෙඩ තියෙනවා.. ඉස්පිරිතාලෙට ගියොත් කියනවා එන්නත් ගහලා එන්නලු  දැං අපි මොනාද කරන්නේ ?
ගම්පහ 30 අඩු අයට වැක්සින් දෙනවද
විහාර මහා දේවි උද්‍යානයේ එස්ට්‍රා සෙනිකා පළමු එන්නත ගන්න පුළුවන් ද
කොරෝනා හැදිලා නිරෝදායනය වෙන අයට රජයෙන් මොනා හරි ආධාර දෙනවද.
"කොවිඩ් වෛරසය ආසාදනය වී නැති කෙනෙක් හුමාලය ඇල්ලීමෙන්,උණු ජලය පානය කිරීමෙන් ආසාදනය වලක්වා ගත හැකිද ?"
"සයිනොෆාම් එන්නතේ දෙවැනි එක ගන්න කලින් බෙහෙත් විදපු තැනටම යන්න ඕනිද ,වෙන තැනකින් ගන්න බැරිද"
කොවිඩ් ආසාධනය වී ඒ බව නොදැන.එන්නත ගත්තොත් එන්නතෙන් වැඩක් නැද්ද.බලය අඩුවෙනවද
දියතෙ පැය 24ම එන්නත් කරනවද..
1906 ට කතාකරලා වෙලාව වෙන්කරගත්ත කවුරු හරි ඉන්නවද..?
පානදුරේ ප්‍රදේශයේ හැදුනුම්පත නොමැති වයස 60ට වැඩි කෙනෙක්ට කොවිඩ් වැක්සින් එක කොහොමද ලබා ගන්නේ?
"මම රට යන්න ඉන්නේ, ඒක නිසා ෆයිසර් එක ගන්න ඕන, කොළඹ ෆයිසර් එක ගන්න පුළුවන් කොහෙද? ඒ සඳහා අවශ්‍ය ලියකියවිලි මොනවද??"
අද දවසෙ 60ට වැඩි අයට සයිනොෆාම් 2 විදින්න තැනක් තියෙනවද? (මහරගම)
ඇස්ථාසෙනිකා පළවෙනි එක හෙට කොහෙන්ද ගන්න පුළුවන්?
කොළඹ අවට ඔක්සිජන් සිලින්ඩර් තිබෙනවා නම් සම්බන්ධ කර ගත හැකි අංකයක් ලබා දෙන්න. ඉතා හදිස්සියි
අද දවසේ දෙන්න යන  එන්නත මොකක්ද? මොන රටක නිර්මාණය කරන ලද්දක් ද?
"ඇස්ට්‍රාසෙනිකා දෙවන එන්නත මොරටුවෙි ලබාදෙන්නේ කොහිදිද කවදාද ?
පලමු එන්නත ලබගෙන මාස 5ක් වෙනවා ."
හෙට පන්නිපිටිය අවට බෙහෙත් ව්දින තැනක් තියෙනවා කියන්න ..1 එක.
"කෑගල්ල නෙලුම්දෙණිය අවට තවම එන්නත් ලබා දුන්නේ නැහැ
අපට එන්නත් ලබා ගත හැකි ස්ථාන මොනවද"
කොළඹ දිස්ත්‍රික්කයේ කොවිඩ් එන්නතේ 1වන මාත්‍රාව ලබා ගත හැකි ස්ථානයක් හා දිනයක් දැන ගත හැකිද....
අවදානම වැඩි නිසා එන්නත ඉක්මනින් ලබා ගැනිමට විදිහක් කියන්න
මම (කොළඹ 05) මම ගර්භණී මවක් එනිසා කොවිඩ් එන්නතේ 1වන මාත්‍රාව ලබා ගන්න හැකිද ස්ථානයක් හා දිනයක් දැන ගන්න පුළුවන්ද
"ඩොක්ටර් මම මෙම කොරොනා වසංගතය ආරමිභ උන කාලයේ නැවක තමයි සේවය කරේ එහිදි මට කොරෝන රෝග ලක්ෂන පහල වුනා හරියට ප්‍රතිකාර ලැබුනේ නැහැ දැන් මට සෙම ගොඩක් පපුවෙ පිරිල වගෙ දැනෙනව එව පිට වෙන්නෙ නැහැ 
හුස්ම ගන්න ටිකක් අපහසුයි නාසයේ එක පැත්තක් පුංචි ගෙඩියක් වැනි දේකින් වැහිල තියෙන්නෙ කැස්ස මොකත් නැහැ. කැම කාපු ගමන් බඩ ගොඩක් පිපෙනවා"
නිව්මෝනියාව මුලින්ම හදුනා ගැනිමේ රෝග ලක්ෂණ මොනවාද? පිට කොන්ද වේදනාව රෝග ලක්ෂණයක්ද?
".අනේ මන්දා සර්, මම දැන් ඩිප්ප්‍රෙශන් හැදෙන මට්ටම ටම අසරන වේලා.
විස්තරයක් අහගන්න දන්න දොස්තර කෙනෙක් වත් නැහැ, පීඑච්අයි , ගෙදර පස් දෙනෙක් නිරෝධායනය කරලා. අදට දවස් 22ක්  , එක එක අමාරු ආවා කෝල් කර කර ලෙඩ වලට බෙහෙත් ගෙන්න ගත්තා ,ලොකු වීයදමක් ගියා,මගේ තත්තා නැති වූනා. "
මගෙ උගුර උදේට උගුර ගොඩක් රිදෙනව ඊට පස්සෙ උනු දෙයක් බීපු ගමන් හරියනය.ඒත් දවල්ට කිවිසුම් යනව ඇයි එ
හුමාලය දිනපතා අල්ලන එක හොදයිද? ඒක කොරොනා වැලදීම වලක්වනවාද?
කොරෝනා වයිරස් එක අපිට ආසාදනය වෙලා හොද වෙනව කියන්නෙ සම්පූර්නෙම්ම වයිරස් එක ඇගෙන් අයින් වෙන්න්වද .ගොඩක් අය අතර මතයක් තියනවා කොරෝනා හොද උනාට පස්සෙත් ඒක අඩපණ වෙලා ඇග ඇතුලෙ තියන්වා කියලා .මට ඒක ලොකු ප්‍රශ්නයක් .අනේ ප්ලීස් ඒකට උත්තරයක් දෙන්න
ඩොක්ට මගෙ මහත්තයට කොවිඩ් ආසාදනය උනා. දවස් 10න් පස්සෙ ගෙදර එව්වා. අද 13 වෙනි දවස. තද උනක් එනවා එයාට. ඒක පැයකින් විතර බැහැලා දහඩිය දමනවා. වෙන මුකුත්ම අමාරුවක් නැහැ. ඒ ඇයි කියලා දැනගන්න පුලුවන්ද ඩොක්ට. නිවුමෝනියා තත්වයක්ද කියලත් බයයි. අනේ මට උත්තරයක් දෙන්න.
මට දවස් දෙකක් විතර ඇග මහන්සි .කැරකිල්ල වගෙ.බෙහෙත් ගන්න ගියා.දුන්නෙ නැ.වෙන කිසිම  අමාරුවක් නැ.එ ඇයි.
මට සෙම්ප්‍රතිශ්‍යාව ක් හැදුනෙ අද පාන්දර නහය බ්ලොක් වෙලා හුස්ම ගන්න බැරුව නැගිටෙන කොට පුදුමාකාර බයක්
වීස් තිබිලා හොඳ වුන කෙනෙකු ට කොරොනා හැදුනට පස්සේ ආයෙත් එන්න පුළුවන් ද ඩොක්ටර් ?
ඩොක්ටර් ඇගේ ඔක්සිජන් ප්‍රමාණය කොච්චර තියෙන්න ඕනද? කීවෙනො මට්ටමක තියෙන්න ඕනද?
සචිකල් මාස්ක් එකයි මාස්ක් එකයි දෙකම එකට දැමීම හොද පුරුද්දක්ද ?
"වෛද්‍යතුමියනි,හැමදාම උණුවතුරෙන් හුමාලය ඇල්ලීම අහිතකර ද?"
"මාස දෙකේ බබාට කිරි දෙනවා, සිසේරියන් ක්ලේ මාස2 යි. ස්පුට්නික් වී , එන්නත සුදුසු නැත්ද?"
මුදල් ගෙවා අපි කැමති වැක්සීන් එකක් ලබා ගැනීමට හැකියාවක් පවතීද?
මම සයිනොෆාම් එන්නත 1 මාත්‍රාව ජූලි 8 දින ලබා ගත්තා.  එතකොට මම ප්‍රෙග්නට් නැහැ. දෙවන මාත්‍රාව අගෝස්තු 13 දින ලබා දීමට නියමිතයි. මම දැන් ප්‍රෙග්නට් නිසා දෙවන මාත්‍රාව ගැනීම නාෙකල යුතුද?
මෙ එන්නත අපෙ ඇගේ කොච්චර කාලයක් තියනවද ? මෙක බල රහිත වෙන්නෙ එන්නත අරගෙන කොච්චර කාලයකට පස්සෙද?
මම ගර්භනී  මවක්  මම ගතයුතු  එන්නත මොකක්ද  ගත්තට කමක්  නැද්ද
සයිනෝපර්ම් එන්නත් දෙකම ලංකාවේදි මීට මාසයකට පෙර ගත්තා නමුත් සවුදිඅරාබියාව රටේ එම එන්නත පිලිගන්නේ නැහ .යම් එහකින් අනිත් එන්නතක් ගන්න සිදු වුනොත් එය ගත්තම ප්‍රශ්නයක් වෙයිද? එය ගන්නවනම් කොපමණ කාලයකින් ගන්න හොදද?
රට යන්න බලාපොරොත්තුවෙන් ඉන්නේ ඩොක්ටර් ඒත් අපිට සයිනෆාම් එන්නත විද්දේ  රට යන්න ඒක ප්‍රශ්නයක් වෙයිද ඩොක්ටර්.. එහෙම බලාපොරොත්තුවෙන් ඉන්නවනම් අපි ගන්න ඕනි ෆයිසර් එන්නතද ඩොක්ටර්
කොරෝනා නැතිව හැමදාම කොත්තමල්ලි වෙනිවැල්ගැට බිව්වට කමක් නැද්ද
"කොරොනා හැදිලා තිබුන කෙනෙක් ආශ්රය කරලා  දවස් 14 ගියාට පස්සෙත් කිසිම රෝග ලක්ෂණ නැත්තම් බය වෙන්න දෙයක් නැද්ද , පීසීආර් කරගන්න වෙයිද ?  (. වයස අවු 20 )"
මාස 2 වගේ දරුවෙක්ට කොවිඩ් රෝග ලක්ශන මොනවද?
අපස්මාරය සමඟ කොවිඩ් එන්නත් ලබා ගත හැකිද?
මට කාෙරා්ෙනා සැදි දැන් මාස එකහා මාරක් වෙනව.තාමත් ඔලුවෙ බර ගතිය.අැඟ රිදිල්ල ටිකක් තියෙනවා.වැක්සිනය ලබා ගැනිමට පුලුවන්ද.
කොරෝනා හැදිලා හොද උනු කෙනෙක්ට නැවතත් කොරෝනා හැදෙන්න පුළුවන් ද එහෙම හැදුනොත් අමාරු වෙනවද
ජ්‍යෙෂ්ඨ පුරවැසියන් සඳහා ඇස්ට්‍රාසෙනිකා දෙවන මාත්‍රාව ලැබෙන්නේ කවදාද?
කොරෝනා පොසිටිව් කියලා අන්ටිජන් පරික්ශාවෙන් පුලුවන්ද නිකම්ම වෛරස  උනටත් එක පොසිටිව්  වෙනවාද  මල්ලිගෙ අන්ටිජන් පරික්ශාවෙන් පොසිටිව් කිව්වා එයාට සෙම ගතිය තියෙනවා
"මගේ යාලුවෙක් දැනට දවස් 10කට කලින් කොවිඩ් පොසිටිව් වෙලා නිරෝධායන මධ්‍යස්ථානයක ගිහින් ඊයේ දවස් 10 ⁣ඉවර වෙලා ආවා එයාට එහෙ ඉද්දි මුකුත්ම ප්‍රශ්නයක් තිබුනෙ නැ යද්දි ගඳ සුවද රස දැනෙන්නෙ නැති එක තිබ්බා දැන් ඒකත් හරි , ඊයේ රෑ ඒ යාලුවට ටිකක් අමාරු වෙලා නින්ද ගිහින්ම නැ කැරකිල්ල , ගොඩක් දාඩිය දාන එක , ඇග ලාවට වගේ ගැහෙන එක , ලාවට කැරකිල්ල මේ හැමදේම විනාඩි 10කට පාරක් ඇවිල්ලා ඊට පස්සේ විනාඩි 10කින් ආයෙම අවුලක් නැලු ඒ යාලුවා 1399ට කතා කරාම කිව්වලු මේක සාමාන්‍ය දෙයක් පුලුවන් නම් ලගම තියෙන හොස්පිට්ල් එකට ගිහින් පෙෂර් චෙක් කරගන්න කියලා මෙ යාලුවා රෑම ගිහින් පෙශර් හොදටම හොදයි කියලා , ඉතින් දැන් අර ගතිය ටිකක් අඩු වෙලා මේ 11 වෙනි දවස මේකට ප්‍රතිකාරයක් හෝ විසදුමක් දන්නවද කවුරුහරි?"
රෝග ලක්ෂණ මොනවද කියල කියන්න පුලුවන්ද
බඩේ අජීර්ණය මෙහි රෝග ලක්ෂණයක් ද?
මට තාම 21 යි. මේ එන්නත ගැහුවම අනාගත වදබාවය ඇති වෙනව කියල කතාවක් තියෙනව. ඒකෙ ඇත්තක් තියෙනවද ?
මිස් මම මෙම එන්නත පලමු මාත්‍රාව ගත්තා. නමුත් දැන් මම ප්‍රෙග්නට්. දෙවන මාත්‍රාව ගැනීම හොද නැද්ද?
මේකෙ ආසාත්මිකතා දවස් කීයක් තුල ඇතිවෙන්ඩ පුලුවන්ද?. මන් පලවෙනි මාත්ත්‍රාව ඊයෙ විද්දෙ තාම මුකුත් අවුලක් නෑ..
ස්වයං නිරෝදායනය යනු කුමක්ද?
සයිනොෆාම් එන්නතේ පලමු මාත්‍රාව එක් ස්ථානයකින් ලබා ගත් කෙනෙකුට එහි දෙවන මාත්‍රාව එම දිස්ත්‍රික්කයේ වෙනත් ස්ථානයකින් ලබාගත හැකිද ?
කොරොනා හැදිච්ච ලෙඩෙක් ආස්ත්‍රය කරලා ලෙඩෙ බොවුනානම් රොග ලක්ශන පෙන්නුම් කරන්න කොපමන කාලයක් යනවාද?
"විටමින් පෙති ඕන කෙනෙක් ට බිව්වට අවුලක් නැද්ද . බොනවා නම් මාතාව , දවසට කී පාරක් ද බොන්න ඕන  කියලා කියන්නකො දන්න කෙනෙක් . (අවුරුදු 20ට වැඩි කෙනෙක් ට )"
"ඇන්ටිජන් එක 100% ශුවර්ද?
 පොසිටිව් වෙලත් රෝග ලක්ෂණ නෑනේ ඇයි එහෙම වෙන්නෙ"
කොරෝනා එන්නත් පෙනහලු ආසාද්මිකතා තිබෙන පෙනහලු රෝගීන්ට හොදයිද එන්නත ලබාගන්න එක.
කිට්ටුම රෝහල මොකක්ද ?
ඇඳිරි නීතියද ? රට වහනවද ?
අද කොරෝනා වලට බෙහෙත් වදිනවද
හැදිලා හොඳ වුණාටත් පස්සෙ (අදට දවස් 14) කටේ තිත්ත නැතිවෙන්නෙ නැත්තෙ ඇයි?
"මගේ නිරෝදනයේ 07 වෙනි දවස යන්නේ,අද උදේ ඉදන් අඩි දහයක් යන්න බෑ මහන්සී, මේ හති ගතිය නැතිවෙන්න කරන්න ඔනි මොනවාද"
නිවසේ විසබීජහරණයට සුදුසු ද්‍රාවනයක් කියන්න පුලුවන්ද
කොරොනා හැදිලා ඉද්දි එන කොන්දෙ වේදනාවට මොකද කරන්න පුලුවන් ...ලොකු වේදනාවක් තියෙන්නෙ
වීස් එක තියන අයට කොවිඩ් හැදුනාම ආපු අපහසුතා මොනවද ?
මට හොද වෙලා සති දෙකකට වැඩී.වැඩටත් යනවා.ඒත් මේ ලගදි දවසක ඉදන් පපුව රිදෙවා(සෙම වගෙත් තියේ)හතිය වගේ දැනෙනවා.පොඩි ඔලුවෙ කැක්කුමකුත් තියෙනවා.බෙහෙත් මොකුත් නැද්ද?
කොරොනා දෙවෙනි පාරටත් හැදුන අය ඉන්නවද මේකෙ ඔයාලට අමාරු උනාද කියන්නකෝ
රැපිට් ඇන්ටිජන්ට් ටෙස්ට් එක කර ගන්න පුලුවන් තැනක් නැද්ද කොස්වත්ත පැත්තට
"සැරෙන් සැරේ කැස්ස එනවා.(දරුණුවට නෙමෙයි, කඩින් කඩ)
උගුර ටිකක් දැවිල්ලත් වගේ.
ටිකක් ඔලුව රිදෙනවා.
හුස්ම ගන්න චුට්ටක් විතර අමාරුයි.
මේ ඔක්කොම වැඩියෙන් අමාරු වෙන්නෙ රෑට.
ඇඟ ඇතුල පොඩ්ඩක් වෙව්ලනවා වගේ දැනෙනවා. පොඩි සමබර නොවන ගතියකුත් දැනෙනවා.
හැබැයි උණ නම් නෑ.
අත්දැකීම් තියන අය කියන්නකො මේ කොවිඩ් රෝග ලක්ෂණ වෙන්න පුළුවන්ද."
සැරින් සැරේට උණ අඩු වැඩි වෙන්නෙ ඇයි ? සමහර වෙලාවට උණ නෑ. බඩ බුරුලට ටොයිලට් යන්නෙ.. ඔලුව කැක්කුම තියෙනව.. කොවිඩ් පොසිටිව් වුන අයට මේ ලක්ශන තිබුනද ?
"ගද සුවද දැනෙන්නේ නැතිව යන,කොවිඩ් හැර වෙන රෝග (සෙම්ප්‍රතිශ්‍යාව වැනි) තියනවද?"
) කොවිඩ් වල පලවෙනි රෝග ලකෂනය මොකක්ද...?
"එක් වතාවක් කොවිඩ් වැළඳුන උන කෙනෙක්ට නැවත නැවත කොවිඩ් වැළඳීමේ හැකියාවක් තියෙනවද.
එහෙම හැකියාවක් තියෙනවා නම් කොච්චර කාලයක් ගත වෙනවද මුල් වැළඳීම් කාලයේ සිට නැවත වැළඳීමට"
"මාත් පොසිටිව් වෙලා ගෙදරම නිරෝධායනය වෙන කෙනෙක්.අදට දවස් 6ක් ඉවරයි.රෑ වෙද්දි විතරක් හුස්ම ගන්න එක පොඩ්ඩක් අපහසුයි වගේ,අනික ගඳ සුවද රස මොනවත් දැනෙන්නෙ නෑ.සිද්ධාලේප සුවඳවත්.මේ දේවල් සාමාන්‍ය වෙන්න දවස් කීයක් වගේ යයිද?දවස් 10කින් පසුවද තවත් කෙනෙක්ට බෝ නොවෙන්නෙ?"
පපුව හිරයි වගේ දැනෙනව උගුර රිදෙන්නෑ උණත් නෑ ගද සුවද ඔක්කෝම දැනෙනනව ඇන්ටිජන් පිසි ආර් කරෙත් නෑ හතිය වගෙ ටිකක් දැනෙනව ටිකක් ඕම තමා දැනුට් ලාවට මහන්සි ය එනව
තාම මට කොව්ඩ් ආසාදනයට ලක් වී නෑ මම හැමදාම දුම් අල්නවා උණු වතුර දවසකට හය හත් පාරක් බොනවා ලුනු වතුරෙන් කට හෝදනවා මොකද මගේ ජොබ් එක ඩ්ලිවරි නිසා නිරෝධනයට ලක් වෙච්චි තැන් වලට? යනවා එහෙම හැදෙන්න නැතුව එහෙම කරන එක ගැටලුවක් වෙන්නේ නෑ නේද
"රැපිට් ඇන්ටිජන්ට් ටෙස්ට් එක වරදින්න පුලුවන් ද මට දිගු හුස්ම ගන්න අමාරුයි මං කොරෝනා ආශ්‍රිතයෙක් ඊයෙ මගෙ රැපිට් ඇන්ටිජන්ට් ටෙස්ට් එක කරා ඒක නෙගටිව් ඒත් හුස්ම ගන්න අපහසුයි පපුවෙ සෙම තියෙනවා, ඔලුව රිදෙනව  අනේ මං මොකක්ද කරන්න ඕනි ඒ ටෙස්ට් එක වරදින්න පුලුවන් ද"
කොවිඩි ආසධනය වි මා නිවසේ නිරෝධනයට ලක් උන අතර දැන් සුවයි හෙටින් නිරෝධන කාලය අවසන් නිවස විසබිජ හරණය කල යුතුද
කොවිඩ් හැදුන අය තමන්ට කොවිඩ් කියලා මුලින්ම සැක කරන්න හේතු උන ලක්ෂණ මොනවද?
ද සුවද දැනෙන්න කොච්චර කාලයක් යනවාද? මොනාද ඒකට කරන්න පුලුවන් දෙවල් කියලා කියන්නකෝ
ඇන්ටිජන් ටෙස්ට් එක පොසිටිව් වෙලා හොස්පිට්ල් එකේ නවත්තල ඉන්න කෙනෙකුට ඇනටි බොඩි ටෙස්ට් එකක් කරපු අය ඉන්නවාද එකෙන් මොකක්ද බලන්නේ්
නිතරම තොල කට වේලිලා තියවනෙ. මොකද ඒකට කරන්න ඕනේ
මාස 5ක බබෙක් පොසිටිවු උනොත් බබාව කොහොමද පරිස්සම් කරග්න්නේ
හොද වේගන යද්දි සෙම කැස්සට ඇන්ටිබයොටික්ස් ගන්නම ඕනෙද?
මට ගද සුවද දැනෙන් නැහැ ටික දවසක් ඉදලා  රැට නිකම් උගුරට සෙම ගතිය වගෙ තියෙනවා රැට ඇගට අමාරුයි වගෙ නින්ද යනවා මදි හුස්ම ගන්න අපහසු ගතියක් පොඩියට තියෙනවා සමහර වෙලාවට විතරයි. කට අමුතු රහක් තියෙනවා . මන් එච්චර හිතන් නැතිව ව්‍යායාම කරා මහන්සි වෙලා ඉට පස්සේ ටිකක් ඇගට අමාරු ගතිය ටිකක් වැඩි ගතියක් තියෙනවා උන වගෙ නිකම් එ උනාට අයෙ ටිකකින් ඉබේම හරියනවා. වෙන ආමරු නැහැ මොකද ඔයාල හිතන්නෙ කෝරොනා ලක්ෂණ ? දැන් දවස් 10 විතර වෙනවා
නිවෙස් නිරෝදායනය අනුගමනය කරන්න ඕන මොනවද .
කොරෝනා රෝගියකු භාවිතාකල ඇඳුම් නිවැරදිව පිරිසිදු කලයුතු ආකාරය ගැන කියන්න.ඕනෑම ඩිටර්ජන් කුඩු වර්ගයක් භාවිතාකර එම රෙදි සෝදාගැනීම වෛරස් විනාශ වීමට ප්‍රමානවත්ද?
එන්නත් මාත්‍රා දෙකම අරගෙන කොවිඩ් පොසිටිව් වුනු අය ඉන්නවද...අමාරු වුනාද...නැත්නම් කියන විදියට සන්කූලතා අඩුයි ද?
"කොවිඩ් පොසිටිව් උන මාසයක පමණ ගර්භණී අයෙකුට සුදුසු ඖෂධ, ආහාර පාන මොනවද?"
දැන් දවස් දෙක තුනක ඉදන් ලාවට උණ ඇවිල්ල ටිකකින් උණ බහිනවා.උගුරත් රිදෙනවා.වැඩක් කරන්න හිතෙන්නෙ නෑ ඇගම රිදෙනවා.මේ කොවිඩ් ලක්ෂණද
"අද මට පොඩි හතිය ගතියකුයි, දිගු හුස්ම ගන්න බැරි ගතියකුයි තියනව.දැන් දවස් තුනක වගෙ ඉදන් උගුරෙ සෙම ගතියක් තිබ්බා..වෙනත් රෝග ලක්ෂණ මොනවත් නැ... හතිය ගතිය අවම කරගන්න මොනවද කරන්න පුලුවන්.
"
උගුර ගොඩක් රිදෙනවා ඇයි දන්නේ නැ නේද
අවුරුදු හතරක වගේ පොඩි කෙනෙක් බලා ගත්තෙ කොහොමද? මොනවගේ බෙහෙත්ද දුන්නෙ?
ඇන්ටිජන්වත් පීසීආර් වත් කරෙ නෑඒත් අපෙ ගෙදට්ට ආව කෙනෙක්ට පොසිටිව්  ඉතිං අපිටත් උන හැදිලා ගද සුවද රස මුකුත් දැනෙන්නෙ නැ හරිම තෙහෙට්ටුයි ඇගට අදට දවස් 8 වෙනවා ඇගට පනම නැ අපිට පරීක්ෂණයක් කරන්නවත් යන්න විදිහක් නැ ඒ තරම් සෙනග  ඇගට පන නැති ගතියට මොකද කරන්නෙ
කොවිඩ් හැ⁣දිලා හොද වෙලා දව⁣ස් 14 කට පස්සේ පීසීආර් චෙක් කරාම පොසිටිව් පෙන්වනවා කියන්නේ ඇත්තක්ද
පපුව හිර කරනවා වගේ. ඇගත් රිදෙනවා කොන්දයි බඩ දෙපැත්තයි රිදෙනවා. රස සුවද නම් තාම දැනෙනවා. මම මොකක්ද කරන්න ඕනෙ.
පොසිටිව් උන අය තමන්ට රෝගය වැලදෙන්නට ඇතැයි සිතන දින සිට රෝග ලක්ෂණ පෙන්නුම් කරේ දින කීයකින්ද ?
"අවු 03 මාස 07 වගේ කෙනකුට හැදුනොත් ප්‍රතිකාර මොනාද?
"
"මට 5 ⁣වැනිදා සවස සිට ඔළුව කැක්කුමත් සමග උණ ගතියක් ආවා.පසුව රාත්‍රි හුමාලය ඇල්ලුවා.පසුදින 6 වනදා ඇගට අමාරැ ගතියක් තිබුනා.කෑම අප්‍රිය ගතියකුත් ආවා.එදිනද මම රැකියාවට ගියද වැඩ කරගැනීමට අපහසු විය.පපුවේ මහන්සිය ඔළුව කැක්කුම ,කටහඬ වෙනස් වී සෙම ගතියක්ද පෙන්නමු කලා.එදින සවස වෛද්‍යවරයකු හමුවී බෙහෙත් ගත් අතර බෙහෙත් බී ,හුමාලය ඇල්ලුවා .පසුදින 7, ඔළුව කැක්කුම , ඇගේ අමාරැ කම් අඩුවුවත් සෙම ගතිය කටහඬ වෙනස් වීම පපුවේ මහනසිය තිබුනා.මෙදිනද පසුදිනද වෙනත් අමාරැකමක් නොතිබුණත් මා රැකියා නිවාඩු ලබා නිවසේ සිටියා.අද දින මාපහට වෙනත් කිසිම අමාරැකමක් නැත.එහෙත් පපුවේ මහන්සි ගතියද කටහඬ වෙනස් බව පවතී.පීසීආර් කරගැනීමට අවශ්‍ය ද"
ඔව් ගෙදර වෙනම කාමරය ක ඉන්නේ.ඒත් ගඳසුවඳ දැනෙනවා.කෑම වල රස දැනෙනවා.කොවිඩ් කියලම හිතන්න පුලුවන්ද.
කොවිඩ් කියලා සැක හිතෙන අය වැක්සින් එක ගත්තට කමක් නැද්ද. දින 14 ගෙවුනේ පස්සේ ගත්තට කමක් නැද්ද
ආයෙ රට වහන්න යනවද?
කොරෝන  රෝගය හැදුන කෙනෙක් දෙවැනි වැක්සින් එක ගත්තට කමක් නැද්ද? මොකද දැන් දෙවැනි වැක්සින් එක ගන්න දවස් හරි.
මෙක හැදුනාම මොන වගේ රෝග ලක්ශනද මුලින්ම එන්නේ?
දවස් කීයක් වගේ යනවද ගඳ සුවඳ දැනේන එක නැති වෙන්න?
අවිස්සවෙල්ලේ ඇන්ටිජන්ට් ටෙස්ට් එකක් කර ගන්න පුළුවන් තැනක් දන්නවද ?
වෛරසය ඇගෙන් ඉවත් වෙන්න කොච්චර කල් යනවද.
දින 14න් පස්සෙ වෙන කෙනෙක්ට බෝ වෙන්න පුලුවන්ද
කොරෝනා හැදිලා සුව වූ පසුවත් මාස 2ක 3ක් යනකනුත් විවිධ රෝගාබාධ හැදෙනවද?
"මට මේකට උත්තරයක් හම්බුනොත් ලොකු උදව්වක්. 
පලවෙනි වැක්සින් එක ගැහුවා මම. ඊට ටික දවසකින් අපේ මල්ලිට පොසිටිව් උනා. එයාට හැම රෝග ලක්ශණයක්ම තිබ්බා. මට 27 විතරක් උණ තිබ්බා.මට කැස්සක් තාමත් තියනවා. වෙන ලක්ශණයක් නෑ. අපි හැමෝම දවස් 14 නිරෝදායනය වෙලා ටෙස්ට් කරලා බැලුවා. හැමෝම නෙගටිව්. දැන් ඔෆිස් එකෙන් දෙවෙනි වැක්සින් එක ගහනවා 16 වෙනිදා වගේ. (පීසීආර් එක කරලා සතියක් වගේ) ඒක මට ගහන්න පුලුවන් ද? ගැහුවොත් ප්‍රශ්නයක් වෙයිද? තාම 30ට අඩු අයට ගහන් නැති නිසා මට පිටින් ගහගන්න පුලුවන් වෙයිද කියන්නත් බෑ ලගදි.මට උපදෙසක් / අදහසක් ලැබුනොත් ලොකු උදව්වක්"
කරුණාකර පැහැදිලි කර දෙන්න . රෝග ලක්ෂණ නොපෙන්වන්නේ ප්‍රතිශක්තිකරණය හොඳ නිසාද ? ඒ අයට වෛරසය ශරීරය තුළ තිබෙන මුළු දින ගනනාවේම රෝග ලක්ෂණ පහළ නොවී වෛරසය පහව යනවාද ?
උගුරේ කැක්කුම දිගටම තිබ්බොත් අවදානම  වැඩිද
මට උන උගුර රිදිම ඇස් රිදීම සෙම්ප්‍රතිශ්‍යාව තියෙ
ගෙදර කෙනෙක් කැනඩා සිට අාවා දැනට සති  3 කලින් දැන් එයාට උන කාමරෙට වෙලා ඉනනවා බයයි මොනවා වෙිද
උගුර රිදෙනවා හුගක්
"තෙහෙට්ටුව ,පුදුම විදිහට  ඇග රිදෙන්නේ.කන්න බැ මොනවත්..නැගිටලා ඉන්න පනවත් නැ.දවස්  14 හොද උනා.දැන් මාසයකුත් දවස්  6 අදට.දවස්  7 විතර වෙනකොට  කැස්ස හැදුනේ තාම අඩුව්ක් නැ.ඒකට මොනාද කරන්න ඔනි"
පැනඩෝල් බීවාම හොදද
අපිත් කොරෝනා වලට බයේ ඉන්නේ. දැන් අපේ රටෙනුත් අපිව ගන්නේ නැ වගේ. ඩොක්ටර් ලෙඩේ හැදුනොත් අපි මැරෙයිද?
කොරෝනා වයිරස් ව්‍යාප්තිය හා දේශගුණය අතර සම්බන්ධයක් තියෙයිද වෛද්‍යතුමනි?
හැදුනු  විට හදුනා  ගන්න  කොපමණ  කාළයක් ග⁣තවෙනවද
කැස්ස හෙම්බිරිස්සාව හැදුණු කෙනකු ලග අනිවාර්යයෙන්ම කොරොනො වයිරස් තියෙනවා ද
කරුණාකර මට මැසේජ් මාර්ගයෙන් වෛද්‍ය උපදෙසක් ලබා ගැන්නා ආකාරය විස්තර කරන්න
මට වෛද්‍ය උපදෙසක් ලබා ගැනීමට අවශ්‍යයි
ඩොක්ට මම ඊශ්‍රායල් සිට මට කොරොනා වෛරසය ආසාදනය වෙලා 30 වෙනි දවසෙ හදිසි ප්‍රතිකාර ඒකකයෙ පැය 5ක් ඉදලා ආවා  .ඇවිත් සුපුරුදු පරිදි වැඩ කලා ආයෙ ඩොක්ට ලගට ගියාම එකො පරීක්ෂණය කරන්න දුන්නා එපොයිමන්ට් දාන්න ඕන මෙහෙ හැටි. ආයෙ 34 වෙනි දවසෙ මට අමාරැ වුනා .මම එම්බුලන්ස් කොල් කරා එම්බුලන්ස් එක ඇතුලට ගත්තු ගමන් මගෙ එකො පරීක්ෂණය කරා .අමාරැ නිසා මට  කටෙ දියවෙන පෙත්තක් දුන්නා .එක රැයයි මම හොස්පිට්ල් එකෙ හිටියෙ එකො කරා තුන්පාරක් ආයෙ පැමිලි ඩොක්ට ලගට යන්න දුන්නා  හෙට යනවා  ඩොක්ට මට දැන් අත්දෙකෙන් වැඩ කරන්න අමාරැයි .වැඩිය කතා කරන්න බැ මගෙ පෙනහලු රිදෙනවා මම දැන් වැඩ කරන්නෙ නැ .හෙට ඩොක්ට ලගට ගිහින් අනිද්දා උදේට ජොබ්  එකෙන් අයින් වෙලා යනවා. ඩොක්ට මම ස්වසන යෝගා වයායාම කරනවා. පෙනහලු රිදෙන එක සම්බන්ධව උපදෙසක් බලාපොරොත්තු වෙමි.
දනිස් අමාරැව හැදෙනවද කොවිඩි වලට
අර ඔක්සි මීටර් කොහෙද ගන්න තියෙන්නෙ?මිල කීයක් වගෙ වෙනවද?
ගද සුවද දැනුන හුස්ම ගන්න අමාරු වුන අය ඉන්නවාද? නියුමෝනියා තත්වයට ඇවිත් හොද වුන අය ඉන්නවාද
කෝවිඩ් හැදිලා ගඳ සුවඳ දැනීම නැති වෙලා රසය හොඳට දැනුනු කෙනෙක් ඉන්නවද ?
පපුවේ බර ගතියක් දැනෙනවා. හුස්ම ගන්න එක දැනෙනවා වැඩී..ඇයි ඒ ?
සමේ දද වගේ ඇවිත් කසන්න ගන්න එකත් ආසාදිත කෙනෙක්ට වෙන සාමාන්‍යය දෙයක් ද? මොනවද ඒකට කරන්න පුලුවන් ප්‍රතිකාර?
අද සමස්ථ ගාන ඇයි මෙච්චර කලින්?
2000 පනී කියලද?
මේකෙ ඉන්න උන් මේ බැලන්ස් කරන කතාව කවද වෙන්කන් කියයිද?
4000ට ලං වෙනකොටත් කියයිද?
දැන් සංචරණ සීමාද හොද ඇදිරීනීතයද හොද
අද මොකද වේලාසනින්ම සමස්ථ කොරෝනා රෝගින් ගාන දුන්නේ
පීසීආර් කීයකටද මේ. 5000 ක් වත් කරලද
නිව්ස් වලට කිව්වෙ 2987 ක් කියලනෙ.?
අපි සවුකිය උපද්‍රෙස් පිලිපැදල පරෙස්සම් විය යුතුද
⁣මෙි පාලකයින්ට මොකද වෙලා තියෙන්නේ
ලංකාආණ්ඩුවක් කියල දෙයක් තියනවද
මිිට වඩා සිතන්න නායකයින් නොපෙලබෙන්නේ ඇයි
කරුණාකර අපිව නිවැරැදි තොරතුරු සමග දැනුවත් කරන්න
මැරෙන ප්‍රමාණය වැඩි වෙලා වාර්තා වෙන රෝගීන් අඩු වෙලා... වෙන්න පුලුවන්ද ??
දැන්වත් අදාල අංශවලට මේක හරියට කරගෙන යන්න භාරදුන්නොත් නරකද?
ස්කොලා පටන් ගනිද මන්දා
රටක ආර්ථිකයක් කඩා වැටුනට ඒක ආයේ ගොඩ ගන්න පුලුවන් ඒත් අහිංසක ජීවිත ආයේ ගන්න පුලුවන් ද
මේ කිසිම එන්නතක් අනුමත කරලා නෑ හදිසි භාවිතයට විතරයි අවසර දීල තියෙන්නේ. මේ හදිසි භාවිතය කියන එක ඇතුලෙත් තියෙන්නේ මොකක්ද?
රෝහල් හෙද කාර්ය මණ්ඩලය සීඝ්‍රයෙන් ආසාදිතයින් බවට පත් වෙමින් තිබෙද
පීසීආර් හා ඇන්ටිජන් සඳහා උපරිම මිලක් නියම කරලද
දුම්රියේ ගමන් කළ හැක්කේ අවසරලත් පුද්ගලයින්ට පමණයිද
එන්නත්කරණය සඳහා යොදවා ඇත්​තේ වෛද්‍ය බලකායේ පුහුණුව ලත් භට පිරිස්ද
දුර ගමන් සේවා වලංගුද.
කොවිඩ් ආසාදිත පුද්ගලයන්ට ශ්වසන අපහසුතා ඇත්ද
පුද්ගලික අංශයේ රෝහල්වලින් සිදු කරන පීසීආර් සහ රැපිඩ් ඇන්ටිජන් පරීක්ෂණ ගාස්තු සඳහා උපරිම මිලක් තිබෙද
ලේ බැංකුවේ ලේ හිගයි කිව්ව නේද .?
ලේ දන් දෙන්න තැනක් දන්නවද
කොරෝනා සම්බන්ද ෆෝන් නම්බර්ස් දන්නවද
මට හුස්ම ගන්න අමරැයි මොකක්ද
ලෝකයේ ඉහළින්ම එන්නත් කරන රටක ඉහළම මරණ අනුපාතයක් ඇති වෙන්නේ මෙහෙමද?
මේ එන්නත ගැන මුලින් ඔවුන් කීවේ මොනවාද?
මේ එන්නත ගැන මුලින් ඔවුන් කීවේ මොනවාද?
තමවමත් 30 ට වැඩි අයට කොවිඩ් වැක්සීන් බොහෝ ප්‍රදේශ වලට ප්‍රමාද වන්නේ වැක්සීන් හිග කමද
හැමදාම වගේ වැඩේ අනාගන්නා නිළධාරීන් නිසාවෙන්ද
එතකොට 30 ට අඩු අයට වැක්සීන් නැත්තෙ ඒ අයට ඔය ලෙඩේ හැදෙන්න නෙැද්ද
රුධිරයේ ඔක්සිජන් මට්ටම 96% ට වඩා අඩු වෙනවද
කියලා ගෙදර ඉඳන් බලන්නේ කොහොමද  ඔක්සිමිටරයක් නැතුව?
මට ඊයෙ රාත්රියේ සිට තදහිසේ අමාරැවක් සහ දැසින් ගිනි පිටවන්නාසේ දැනෙනවා.මෙය ආසාදිතයකුගේ ලක්ෂනද.
දකුණු ඇලයට නිදාගන්න එපා කියලා දොස්තරවරු ඉස්සර කියනවා නේද?
රොගියකු නැවට කමක් නැද්ද.
96% දැනගන්න මීටරේ කොහොමද ගන්නෙ
මෙයාල කියන අදාල දොස්තරලා කොහේද ඉන්නේ
පීඑච්අයි මහත්වරුවත් හදිසියට කෝල් එකක් ගත්තට ෆෝන් අන්ස්වර් කරන්නවාද?
ගිලන් රථ වලට කතා කලත් ගන්න බැ.අසරණ මිනිස්සුට කාගේ පිහිටද
මේ ප්‍රභේදයට අනුව ප්‍රධාන රෝග ලක්ෂණය වෙන්නේ පපුවේ හතියද?
උගුරේ අසාදන උන වගේ රෝග ලක්ෂණ ඇති වෙන්නේ නැද්ද?
අසාධිිත අය සමිබන්ධිකරන පද්ධතියට ලියාපදිංචි කරවිමෙි වගකිම තියෙන්නේ කාටද?
ඇත්ත ගාන කවද්ද කියන්නෙ
කොවිඩ්-19 ආසාදනය නිසා රෝහල් ගත වීමට හේතු වන රෝග ලක්ෂණ මොනවාද?
මේ දේ ගන්න පාමසි වල තියෙන වද
ඒ උපකරණයක් ගෙදර නැති කෙනෙක් කොහොමද තමන්ගෙ ඔක්ෂිජන් තත්ත්වය බලා ගන්නෙ. එයයි මෙතන වැදගත් වන්නේ..
ඔය මීිටරය කියද?
මාස්ක් සැනිටයිසර් එක්ක මේ මැසිම බිස්නස් එකක් පටන් ගන්න පුළුවන් ද
ඇගිල්ලකින් කොහොමද ඇගේ තියෙන ඔක්ශිජන් අගය මනින්නෙ විද්‍යාත්මක පැහැදිලි කිරීමක් කරන්න  පුලුවන්ද
එතකොට රැපිඩ් ඇන්ටිජන් පොසිටිව් වෙන අය කොරෝනා ආසාධිතයන් නෙවෙයි ද?
දීර්ඝකාලීන රෝගවලින් පෙළීම සහ වයෝවෘද්ධ වීම එන්නත් ලබා ගැනීමට බාධාවක්ද?
මෙවැනි දරැණු අවස්ථාවක රෝගීන් දිනෙන් දින වැඩි වෙද්දීත් බෙහෙත් දෙකම විදගත් අයටත් රෝගය බෝවෙන අවදානම තිබෙත්දිත් දේශීය හෙල වෙදකමේ සර්තක ඖෂධ තිබෙන වාතාවරණයක සහය නොගන්නේ කුමක් නිසද??
ෆයිසර් එන්නත විදින්නෙ කොහෙද කියල දැනගන්න පුළුවන්ද
එන්නත දෙද්දිත් මෙච්චර පීසීආර් කරනවද
උද්ගෝෂණ කරන්නවුන් බලෙන් නිරෝදයනයට රැගෙන යන්නේ ඇයි?
ඇන්ටිජන් එක පොසිටිව් වෙලා පීසීආර් නෙගටිව් වෙන අවස්ථා තියනවද?
වෛද්‍ය උපදෙස් ලබාගත හැකි දුරකතන අංකයක් සදහන් කරන්න පුළුවන්ද?
දැන් රෝගලක්ෂණ පහල වුනු කෙනෙක්ට ගතහැකි ක්‍රියාමාර්ග මොනවද ??( බෙහෙත් වර්ග)
ෆයිසර් වැක්සීන් එක ගන්න තැනක් කියන්න
කොහොමද පීසීආර් ගාණ..?
එන්නත කොවිඩ් වළකන්න පුළුවන්ද
එන්නත අතුරු ආබාධ තිබෙද
ඇත්තටම ලංකාවේ සමාන්‍ය මරණ අනුපාතය ඉක්මවලා ද කොවිඩ් නිසා...
බෙහෙත් දෙකම විදලත් කොවිඩ් හැදෙනව
මට පෙන්සිලින් ඇලජික් .වැක්සින් ගහන්න ගියත් එතන හිටිය  එපා කිව්වා එහෙම ඇලජික් අයට වෙන විකල්පයක් තියෙනවාද
අසාත්මික තත්ත්වය ඇති අයට මොන බෙහෙතද යොජනා කරන්නෙ?
ස්පුට්නික් වී එන්නත පලමු මාත්‍රාව ලබාගත් අයට දෙවැනි මාත්‍රාව වශයෙන් ලබාදෙන්නේ කුමන එන්නතද ?
මෙ එන්නත් විදින්න ම ඕන නේ ඊට පස්සෙ ඇතිවෙන එකඑක සන්කූලතා වල්ට බෙහෙත් නෑනේ ඉවසාදරාසිටීමම පමනයි හැම දෙනාටම නූනත් ඇතිවෙලා නැති වුනත් බෙහෙතක් හරියට නෑනේ මට හිසේ කැක්කුම් ඇගරිදීම්ආව මොනාකරන්නද
විශේෂයෙන් එන්නත නිසා දිගු කාලීන අතුරු ආබාධ ඇතිවිය නොහැකි ද?
මේක දැන් මෙහෙම කියන්නේ විශ්වාසයක් අැති කරන්න. යටගහන දේවල හැටියට මේ මොනවාද
එන්නත ලේ කැටී වෙනවා කියන්නේ ඇත්තද?
චීන එන්නත් සදහා යුරෝපා සංගම් රටවල අනුමැතිය නැත්තේ ඇයි
මාස 6ට අඩු දරුවන් ඉන්න අම්මලා මේ එන්ත ගත් විට මව් කිරි මගින් දරුවාට යනවාද ඒක දරුවාට ගැටලුක්ද?
ඇලජි අයට සයිනොෆාම් එන්නත ගැටළු වක් නැද්ද?
මම ඇස්ට්‍රා සෙනිකා එන්නත ගත්තා මාර්තු 4 වෙනිදා .ඊලග එක සති 10 න් ගන්න කිව්වා .අගෝස්තු 4වෙනිදට මාස 5ක් වෙනවා .කල් වැඩි නැද්ද ?
දෙවෙනි මාත්ත්‍රාව විදින්න ඕනෙ කොපමණ කාලයකින්ද.
ස්පුට්නික් එන්නත ගැනත් පැහැදිලි කරන්න .අපිට ඒ එන්නත විද්දෙ ජුනි 20 දෙවෙනි මාත්ත්‍රාව විදින්න ඕනෙ කොපමණ කාලයකින්ද.
එමකාලය පසුවී වෙනත් එන්නත්ක් ලබාගන්නවා නම් නිර්දේශ කරන්නේ කුමක්ද ?
දෙවන එන්නත නොලැබුනොත් පලමු එන්නතේ වලන්ගුකාලය කොපමණද ?
ලෝක සෞඛ්‍ය සන්විදානයේ මේසම්බන්ද නිර්දේශය කුමක්ද?
"රටේ තාම බහුතරයකට එක එන්නතක් පමනයි එන්නත් කරල තියෙන්නෙ, තව මාසයක් තියනව අතිශය බහුතරයකට දෙවන එන්නත් මාත්‍රාව ගන්න. මොකද පසුගිය සතියේ තමයි බොහෝ දෙනෙක්ට එන්නත ලැබුනේඑහෙම තත්වයක් යටතේ රට විවුර්ත කරේ ඇයි?"
ධම්මිකගේ පැනි මුට්ටිය බිව්වට මුකුත්වෙන්නැද්ද
ස්පුට්නික්-වී කොහොමද ..?
සයිනොෆාම් එක ගන්න තියන උවමනාව වැක්සීන් ගෙන්න තිබ්බන නම් හොද නැද්ද.
මම ඇස්ට්‍රාසෙනෙකස් ගත්තේ පෙබරවාරි 15 .. හෙට ලංකාවට ඇස්ට්‍රාසෙනිකා තොගයක් එනවාද?
සින්හල බෙහෙත් බොන කෙනෙකුට විස විය හෙකිද
එන්නත දැන් අනිවාර්‍ය වෙලාද තියෙන්නෙ. අකමැති නම් නොගෙන ඉන්න බෑද. හොස්පිටල් එකකට වත් ඇතුල් කරගන්නෙ නෑ කියන්නෙ මේක ගත්තෙ නැත්තම් ඇත්තද
සින්හල බෙහෙත් බොන කෙනෙකුට විස විය හෙකිද
"පළමු මාත්‍රාව(සයිනොෆාම් ) එක ගත්ත කෙනෙක් කොවිඩ් පොසිටිව් නම්,එම කෙනාට දෙවැනි මාත්‍රාව එක ගන්න කාලය කුමක්ද?"
දෙවැනි මාත්‍රාව  නියමිත දිනයට ගන්න බැරි වුවහොත් (නිරෝධායනයේ ඉන්න නිසා ) කුමක් වෙයිද ?
කොළඹ දිස්ත්‍රික්කයේ සයිනෝෆාම් වැක්සින් පළවන මාත්‍රාව විදගන්න තැනක් තියෙනවාද
සයිනෆොම් එක කොහොමද දන් නෑ
ලෙඩේට බයට නෙවේ නීතියට බයටයි දැන් එන්නත් ගන්න වෙන්නෙ..මෙහෙත් එන්නත් කලා සයිනොෆාම්..මන් ගියේ නෑ.ගෙදරින් බනිනවා බෑන්ක් එකකටවත් යන්න බැරි වෙයි ඉස්සරහට කියලා .පස්සෙ ෆයිසර් එක ගත්තා..අතුරු ආබාද මොනාද
සයිනොෆාම් ගැනතොරතුරු නැද්ද.
ෆයිසර් එන්නත් 30ට අඩු අයට දෙයි ද
ඔය සයිනොෆාම් එන්නත එක පෙති ගන්න අය විද්දොත් ලේ කැටි ඇති වෙනවද.
කොරෝනා එන්නත ඇගේ යකඩ අඩු ( තැලසීමියා ) තියෙන කෙනෙක්ට විදින්න හොද නැද්ද
මාස 3ක් වන දරුවකු සිටින මවකට මෙම එන්නත ලබා ගැනීම සුදුසුද
දැන් අපිට උචිත මොන එන්නතද
ඇලර්ජික් තියෙන අයට එන්නත ලබා ගැනීමට නොහැකි ද
දැනට තියන හොදම එන්නත එක මොකක්ද ?
එන්නත් ලබා නොගෙන සිටිය හැකිද?
මිනීසුන්ට ජිවත් වීමේ අයිතිය කප්පාදු කර ගොඩනංවන ආර්ථික හා මානව සංවර්ධනය යනු කුමක්ද?.
මට දැන ගන්න ඕන සයිනොෆාම් ගහල ආයේ අවුරුද්දකියන් ෆයිසර් එක ගහන්න හොදද. මොනව හරි ආබාධ ඒවිද. එක හොද නැතිද ගහන්න. ඒකෙන් ආබාධ එනවද. ගොඩක් අය කියන්නේ ඒ බෙහෙත හොද නෑ චීනේ හදන එකක් කියල අනිත් රටවලට ගන්නේ නැත්තේ හොද නැති නිසාද ඒක. සයිනොපාම් නිසා රට යන්න බැරි වෙයිද
නිවසේදී කොරෝනා අසාදනයවු අයකු රැකබලා ගන්නෙ කෙසේද?
රෝගය උත්සන්න වන බව කලින් හදුනා ගන්නෙ කෙසේද?
නිවසේදී ලබාගත හැකි ප්‍රතිකාර මොනවාද?
කිට්ටුම රෝහල මොකක්ද ?
නිවසේ එක් පුද්ගලයෙකු පමනක් තනිව නිරෝදනය වෙද්දි නිවසෙ අනෙක් පුද්ගලයන්ට එන්නත් කරනවද
කොවිඩ් එන්නතෙන් ඔසප් චක්‍රයට බලපෑමක් වේද?
"කොරොනා හැදිලා තිබුන කෙනෙක් ආශ්රය කරලා දවස් 14 ගියාට පස්සෙත් කිසිම රෝග ලක්ෂණ නැත්තම් බය වෙන්න දෙයක් නැද්ද , පීසීආර් කරගන්න වෙයිද ? (. වයස අවු 20 )"
කොරෝනා පොසිටිව් කෙනෙක් ගෙන් තවත් අයෙකුට බෝවෙන්නේ කොපමන කාලයක් තුලද
තව වසර කින් පමණ විදේශ ගතවීමට සිටින වයස 24 පුතාට දැන් සයිනොෆාම් විද්දොත් රට යද්දී ඒ රට ඉල්ලන්නේ වෙනත් වර්ගයක් නම් කල යුත්තේ කුමක්ද . අපිට ෆයිසර් එක ඉල්ලා ගන්න බැරිද
කෝවිඩ්19 ආසාදිත කාන්තාවන්ට ද මව්කිරි  ලබාදිය හැක
මාස්ක් එකක් වෙනුවට මුහුණු ආවරණ පැළඳීම ප්‍රමාණවත්ද?
කෝවිඩ්19 රෝග ලක්ෂණ මොනවාද?
කොවිඩ් 19 ඩෙල්ටා ප්‍රභේදය හමුවේ එන්නත් කරණයෙන් සැපයෙන ආරක්ෂාව කෙබඳු ද?
මෙම ඩෙල්ටා ප්‍රභේදය ලෝකය පුරා විද්වතුන් තුළ කැළඹීමක් ඇති කරන්නට හේතු වෙන්නේ ඇයි? මින් පෙර වාර්තා වූ ප්‍රභේදවලට වඩා මෙය වෙනස් වන්නේ කොහොමද ?
එන්නත්කරණය මගින් කොවිඩ් වෛරසයට එරෙහිව ආරක්ෂාවක් ලබාදෙන්නේ කෙලෙසද
එන්නත්කරණය සම්පූර්ණ කළ කෙනෙක් කෝවිඩ් වෛරසයෙන් සම්පූර්ණයෙන්ම ආරක්ෂිතද
ඩෙල්ටා ප්‍රබේධයට කොව්ඩ් එන්නත් වලින් ලබාදෙන ආරක්ෂාව කෙබඳු ද?
එන්නතක් මගින් සිදු වන්නේ කුමක්ද?
රැකියාව නිමවී නිවසට පැමිණි විට කුමක් කළ යුතුද?
"කෝවිඩ් ආශ්‍රිතව වාර්තාවන, ළමා බහු අවයව-පද්ධති ප්‍රදාහ සින්ඩ්‍රෝමයතත්ත්වයෙන් දරුවන් ආරක්ෂා කර ගන්නේ කෙසේද?"
විදෙස් රටක සිට පැමිණෙන ශ්‍රී ලාංකිකයන් සඳහා උපදෙස් මොනවාද?
පීඑච්අයි මහත්තයව හොයාගන්න සේවාවක් නැද්ද
ස' දේශීය වෙදකමට මුල්තැන නොදී කටයුතු කරන්නේ නැත්තේ ඇයි
බෙහෙත් විදීම අනිවාර්ය වේද
කොරොනා හැදිලා හොදවුන කෙනෙක්ට කොච්චර කාලයකට පසූද එන්නත් ලබා ගැනිමට සුදුසු වන්නේ?
අම්මා කෙනෙක් වෙන්න බලාපොරොත්තුවෙන් ඉන්න කෙනෙක් එන්නත ගන්න හොද නැද්ද
කොවිඩ් හැදුනු කෙනෙ කුට එන්නත විද්දොත් මොකද වෙන්නෙ
අවුරුදු 30ට අඩු අයට මේ බෙහෙත් එක විදින්න සුදුසුද?
සයනොපාම් එන්නත එක ඩෙල්ටා ප්‍රබේධය⁣ට ප්‍රතිශක්තිකරණය ඇති කරනවද ?
මීට පෙර එක්වරක් හෝ දෙවරක් ආසාදනය වී ඇති එන්නත් ලබාගෙන නොමැති අයට නැවත ආසාදනයකින් බරපතල තත්වයන් ඇතිවෙනවාද?.
මුහුණු ආවරණ දවස පුරාම පැළඳ සිටීම කොයි තරම් දුරට සුදුසු ද?
අපට එන්නත් ලබා ගත හැකි ස්ථාන මොනවද
කොවිඩ් එන්නතේ 1වන මාත්‍රාව ලබා ගන්න ස්ථානයක් හා දිනයක් දැන ගන්න පුළුවන්ද
වයස අවුරුදු 18 වැඩි අයට එන්නත් කරණය කරනවද .
30අඩු අයට බෙහෙත් විදිනවද?
ගම්පහ දිස්ත්‍රික්කයේ කොවිඩ් පළමු මාත්‍රාව ලබාගත් හැකි ස්තාන?
බෙහෙත් විදල ලන්කාවට එන අයට ඇයි ආයෙ නිරොදායනයක්?
මෙතරම් ඉක්මනින් වයිරස් වෙනස් වන්නේ කෙසේද
අපිට රෙදි ආවරණය නැවත නැවත පාවිච්චි කරන්න පුළුවන් නිසා ස'ජිකල් මාස්ක් එක පිටින් දාලා රෙදි ආවරණය ඇතුලෙන් දැම්මත් කමක් නෑ නේද?
ආශ්වාසය කිරීමේදී සීයට සීයක්ම පිරිසිදු වාතය ඇතුළු වෙනවා ද?
ප්‍රාශ්වාස වාතය හා පිටකරන කාබන්ඩයොක්සයිඩ් යළිත් පෙනහළු තුළටම ඇතුළු වීම සෞඛ්‍යය ට හානියක් නොවේ ද??
පෙනහළු ආසාදනය කරන වෙනත් රෝග මුව ආවරණ තුළ සංසරණය වෙන අපිරිසුදු වාතය හා ඒවායේ කෙඳි මගින් ඇතිවෙන්න ඉඩක් නැද්ද??
ස'ජිකල් මාස්ක් එකයි ඔක්සිපුරා එකයි දැම්මම හොඳයිද...?
ගොඩ වෙලාවක් මුව ආවරන බාවිත කරන විට කලන්න්ත ගතියක් එනවා.ඒවෙලාවට මුව ආවරණය ඈත් කරලා හුස්ම ගන්නවා. මේක නිවැරැදිද????
සර්ජිකල් මාස්ක් එකක් දමා ඊට පිටතින් කේ එන් 95 මාස්ක් එකක් පැලදීම සුදුසුද
කේනයින්ටිපයි මාස්ක් එකක් එක්ක සර්ජිකල් මාස්ක් පළඳින එක සුදුසුද?
කේ එන් 95 මාස්ක් එක හෝදලා දෙවරක් පමණ පාවිච්චි කලාට කමක් නැද්ද
රෙස්පිරෝන් නනෝ ඒවී පිලිබඳ මතය සහ සර්ජිකල් මාස්ක් එකක් සමග එය පැලඳීම වඩා සුදුසුද?
කේ එන් 95 මාස්ක් සබන් යොදා කී වරක් සෙදිය හකිද
කන්නාඩි දාන අයට මාස්ක් එකක් නැද්ද
මාස්ක් දෙකක් දානවනම් සර්ජිකල් මාස්ක් දෙකක්ම දාන එක හොඳයිද
කේඑන් 95 මාස්ක් එක උනු ජලයෙන් සෝදා නැවත නැවත පරිහරණය කිරීම අහිතකරයිද ?
සර්ජිකල් මාස්ක් එකක් දමා ඊට පිටතින් කේඑන් 95 මාස්ක් එකක් පැලදීම මගින් අමතර ආරක්ෂාවක් ලැබෙනවද?
ශල්‍ය මුඛ ආවරණ 2ක් එකවර පැළඳීම යෝග්‍යද ?
"කොරොනා අද පොසිටිව් වෙච්ච් කෙනෙක් ඉන්නවා එයාට ගොඩක් උන අගට පන නැ ඇදන් නැගිටින්න බැහැ පීඑච්අයි තාම ආවේ නැ
එයාව ඉස්පිරිතාලෙ යවන්න ඕනෙද"
ගෙදර ඉඳලා දෙන්න ඕනේ බෙහෙත් මොනාද (හුස්ම ගැනිමේ අමාරුවක් නැහැමගේ අම්මට එන්නත් ගහන්න බෑ ඇගේ ගොඩක් ලෙඩ තියෙනවා.. ඉස්පිරිතාලෙට ගියොත් කියනවා එන්නත් ගහලා එන්නලු.දැං අපි මොනාද කරන්නේ ? එන්නත් ගහන්න බෑ කියලා වාර්තාව එකක් ගන්න පුලුවන්ද ගන්නවනම් කොහෙන්ද ගන්නෙ ?
ආශ්‍රිතයෙක් නොවී ඉන්නෙ කොහොම ද?
එන්නත ගත් පසු දවස් කිහිපයක් තුල පීසීආර් ගැනීමන් එය පොසිටිව් වෙනවා කියන එක සත්‍යතාවක් තියද?
ආශ්‍රිතයෙක් වුනොත් කරන්න ඕනෙ මොනව ද?
පොසිටිව් වුනොත් කරන්නෙ මොකද්ද?
ගෙදර ඉන්න ලැබෙන්නෙ කාට ද? වෛද්‍ය උපදෙස් ගන්නෙ මොන වෙලාවෙ ද?
සයිනොෆාම් එක හොද නැතිද ගහන්න. ඒකෙන් ආබාධ එනවද.
ගොඩක් අය කියන්නේ ඒ බෙහෙත හොද නෑ චීනේ හදන එකක් කියල අනිත් රටවලට ගන්නේ නැත්තේ හොද නැති නිසාද
සයිනොපාම් නිසා රට යන්න බැරි වෙයිද
තව වසර කින් පමණ විදේශ ගතවීමට සිටින වයස 24 පුතාට දැන් සයිනොෆාම් විද්දොත් රට යද්දී ඒ රට ඉල්ලන්නේ වෙනත් වර්ගයක් නම් කල යුත්තේ කුමක්ද . අපිට ෆයිසර් එක ඉල්ලාගන්න බැරිද
හදිසි. මම සයිනොෆාම් පලවෙනි මාත්‍රාව ලබා ගත්තා. ඒත් මට දෙවන මාත්‍රාව මඟහැරුනා. එය ලබාගන්නේ කෙසේද? කාවද මම සම්භන්ධ කරගන්න ඕනි?
වයස අවු.18 ට වැඩි තරුණ තරුණියන් සදහා කෝවිඩ් එන්නත් ලබාදෙන වැඩපිළිවෙළක් ක්‍රියාත්මකද?
අද 17 සයිනොෆාම් 2 වන මාත්‍රාව ලබා ගත හැකි ස්ථාන මොනවද?
එකක් යූස් කරන ගමන් සයිනොෆාම් එකේ  මාත්‍රාව එක ගත්තට අව්ලක් නැද්ද
කොවිඩ් හැදිලා දවස් කියකින්ද දෙවනි මත්‍රාව ලබාගන්න හොද
නිරෝදායනයේ අතර මගදි කරපු පීසීආර් ප්‍රතිපල නෙගටිව් නම් තව දුරටත් නිරෝදායනය විය යුතුද?
සීදුවේ කොරෝනා සෙන්ටර් එකේ නම්බර් එකක් තියෙනවාද
පාදුක්ක වටරැක අවට 1 මාත්‍රාව ලබාගැනීමට හැකි ස්ථාන මොනවා ද?
සයිනෝෆාම් හොදයිද?
මම පදිංචිය රත්නපුරේ වැඩ කරන්නේ කොළබ අවුරුදු 30ට අඩුයී කොළඹින් එන්නත් කර ගන්න පුලුවන්ද..
"සයිනොෆාම් දෙවන මාත්‍රාව එක් දෙන තැනක් දන්නවාද ?
"
"ගම්පහ අවට කොහේද කොවිඩ් පලමු එන්නත ඒක කරන්නේ ,කිරිබත්ගොඩ කඩවත,කැළණිය ,වත්තල, කදාන අවට ???"
සර් කොවිඩ් හින්දා 30 ට අඩු අය මැරැනා ගොඩක් අඩුයි නේද 90% විතර මැරැනෙ 60 ට වැඩි අය නේද
සර් කොවිඩ් හින්දා 30 ට අඩු අය මැරැනා ගොඩක් අඩුයි නේද 90% විතර මැරැනෙ 60 ට වැඩි අය නේද
එන්නත ගත්ත අයට රෝගය වැදදිලා එයාගෙන් ගොඩක් දරුනු විකුර්ති ප්‍රබේධ (ක්ෂයරෝගයේදි වගේ) ඇති වෙලා අනිත් අයට ආසාදනය වෙන්න බැරිද
ගර්භණී මවුවරුන් සඳහා වැක්සීන් කිරීම සුදුසුද
ඔය ඉන්ජෙක්ෂන් වල අතුරු ආබාද නැත්ද?
දෙවනි වතාවට කොරෝනා හැදුනොත් කොහොමද  බලපාන්නෙ..
දෙවනි වතාවට කොරෝනා හැදුනොත් කොහොමද සර් ඒක බලපාන්නෙ..
සමහර අයට පීසීආර් රැට් එක නෙගටිව් වෙලා පීසීආර් පොසිටිව් වෙන්නේ කොහොමද?
පොල් වතුර දෙහි ලුණු සම්බන්ධව අත් බෙහෙතක්  සංසරණය වෙමින් පවතී හැකි නම් පැහැදිලි කිරීමක් කරන්න
වැක්සීන් දෙකම ගත්ත කීදෙනෙක් කොවිඩ් වලින් මැරුනද..
දේශීය හෙළ වෙදකමට ඉඩ නොදෙන්නේ ඇයි ?
අවුරුදු 18ට වැඩි අයටත් සයිනොෆාම් එන්නත හොඳයි ද?
අපිට හැදුනා..දැන් හොඳයි..ඉස්සරහට ප්‍රශ්නයක් වෙයිද
ඩෝස් දෙකම කොච්චර කාලෙකට කවර් වෙනවද
මට කියන්න පුලුවන්ද කොවිඩ් පොසිටිව් වෙලා ඒත් ඇගට අමාරුවක් ආවේ නැතත්.ඔය කියන ක්ෂණික මරණ වලක්වා ගන්න පිලිවෙතක්.
ගැබිනි ම්ව්වරුන් සදහා එන්නත්කරනය සුදුසු වේද.
"ලන්කව වගෙ දුපතකට කොරොනා,ඩෙල්ටා වගෙ රොග එන්නෙ කොහොමද"
බෙහෙත් එක විදින්න හොද නැති ස්නායු රෝග තියෙන කෙනෙක්ට බෙහෙත නොවිඳ ඉන්න නොදී බලහත්කාරයෙන් විදින්න එක සාධාරණද ?
ඕකට හෙළ බෙහෙතක් නැද්ද?
මම මේ දිනවල වැඩිපුරම ප්‍රතිශක්තිය වඩවන වෙන ආහාර තමයි ගන්නෙ.උදේට ස්වාභාවික දෙහි හෝ දොඩම් පානයක් ගන්නවා ග්‍රීන් ටී දෙකක් විතර ගන්නවා.ඇත්තට ඒකෙන් ප්‍රතිඵලයක් තියෙනවාද?
. මම පලවෙනි මාත්‍රාව ගත්තා. දෙවනි මාත්‍රාව මට මඟ ඇරුනා. දෙවනි මාත්‍රාව ගන්න තැනක් තියනවද? කාවද සම්භන්ධ කරගන්න ඕනි?
කොරෝනා වලට හොඳම පිළිතුර එන්නතද?
ශරීරයේ ප්‍රතිශක්තිය වැඩිදියුණු කිරීමට ශාකමය ඖෂධ ගැනීමද? ජීව විද්‍යාවට අනුවම නව වෛරස් ප්‍රභේද බිහිවන්නේ එන්නතට ඔරොත්තු දී නොනැසෙන කොරෝනා වෛරසයන් නිසා නොවේද?
එන්නත් දෙකම අරගෙන පොඩි ඩ්‍රින්ක් එකක් ගත්තට පස්සේ මොකද වෙන්නේ
එන්නත එක ගත්තාම අනාගතයේ වෙන වෙන ලෙඩ රෝග හැදෙනවා
"අම්මගෙ කකුල් ඉදිමිලා තියෙනවා එක පාරටම වලලුකර හරියෙ, ඒක කොවිඩ් එක්ක සම්බන්ධයක් තියෙනවද?"
කොවිඩ් සෑදුනු සියලුම දෙනා ඉතා ඉක්මනින්ම අසාධ්‍ය තත්වයට පත් වීමට පෙර වෛද්‍ය වරයකු සම්බන්ද කරගෙන තමා ගේ සියලු සංකූලතා පවසා ඖෂද වහාම වෛද්‍ය උපදෙස් මත දිගටම ලබා ගත යුතුමද?
ඩොක්ටර් මම මෙම කොරොනා වසංගතය ආරමිභ උන කාලයේ නැවක තමයි සේවය කරේ එහිදි මට කොරෝන රෝග ලක්ෂන පහල වුනා හරියට ප්‍රතිකාර ලැබුනේ නැහැ දැන් මට සෙම ගොඩක් පපුවෙ පිරිල වගෙ දැනෙනව එව පිට වෙන්නෙ නැහැ  හුස්ම ගන්න ටිකක් අපහසුයි නාසයේ එක පැත්තක් පුංචි ගෙඩියක් වැනි දේකින් වැහිල තියෙන්නෙ  කැස්ස මොකත් නැහැ. කැම කාපු ගමන් බඩ ගොඩක් පිපෙනවා
නිව්මෝනියාව මුලින්ම හදුනා ගැනිමේ රෝග ලක්ෂණ මොනවාද? පිට කොන්ද වේදනාව රෝග ලක්ෂණයක්ද?
මගේ බිරිඳ කොවිඩ් වැළඳී සුවවී ගෙදර එන විටත් නොනවත්වා කැස්ස පවතිනවා.ඩොක්ටර් කියනවා එයාට අවශ්‍ය ඔක්සිජන් ප්‍රමාණය ලැබිලා තියෙන්නෙ කියලා නමුත් කැස්ස නොනවත්වාම පවතිනවා කරුණාකරලා කියනවද මේකට මොකක්ද කරන්නේ කියලා
මුහුණේ කෝටරක වල සෙම අයින් කරන්න පුළුවන්ද?
මට කොරොනා හැදිලා හොඳ වෙලා ඉන්නෙ ඒත් මගෙ පපුවෙ සෙම තියනවා. රැට කැස්ස හැදෙනවා ඒක අපහසුයි.මෙකට කරන්න දෙයක් තියනවද ඩොක්ටර්?
හුමාලය දිනපතා අල්ලන එක හොදයිද? ඒක කොරොනා වැලදීම වලක්වනවාද?
සාමාන්‍යයෙන් රෝහල් තුලට එන රෝගීන්ට කොරෝනා රෝග ලක්ශන ඇත්නම් මෙලෙස එක් තැනකට යවා පීසීආර් කිරීම දැනට පවතින ක්‍රමය බැවින් යන අය දැඩි ආරක්ශිත ක්‍රම එනම් මුව ආවරණ අත් සේදිම වැනි දේ හොඳට කල යුතුයි . එවිට එහි කොරෝනා රෝගීන් සිටියත් අවදානම අඩුයි .
"එ සියලු දෙ  කරත් අවදානමක්ද  රොහලට යන එක ඊට අමතරව කැස්ස ,තියෙනවනන්  නිතරම උනුවතුර ,දුම් ඇල්ල්ලිම අහිතකර නෑ නෙද"
දිගුකාලීන කැස්සක් ඇති නම් අනිවාර්යයෙන් වෛද්‍යවරයකු හමුවෙන්න .රෝහලට යෑමට බිය වෙන්න එපා. වාශ්ප දිගුකාලීනව ඇල්ලීමෙන්ද සමහර ප්‍රශ්න ඇති වෙන්න පුලුවන්
ඩොක්ට මගෙ මහත්තයට කොවිඩ් ආසාදනය උනා. දවස් 10න් පස්සෙ ගෙදර එව්වා. අද 13 වෙනි දවස. තද උනක් එනවා එයාට. ඒක පැයකින් විතර බැහැලා දහඩිය දමනවා. වෙන මුකුත්ම අමාරුවක් නැහැ. ඒ ඇයි කියලා දැනගන්න පුලුවන්ද ඩොක්ට. නිවුමෝනියා තත්වයක්ද කියලත් බයයි. අනේ මට උත්තරයක් දෙන්න.
කොරෝනා වයිරස් එක අපිට ආසාදනය වෙලා හොද වෙනව කියන්නෙ සම්පූර්නෙම්ම වයිරස් එක ඇගෙන් අයින් වෙන්න්වද .ගොඩක් අය අතර මතයක් තියනවා කොරෝනා හොද උනාට පස්සෙත් ඒක අඩපණ වෙලා ඇග ඇතුලෙ තියන්වා කියලා .මට ඒක ලොකු ප්‍රශ්නයක්
මගෙ උගුර උදේට උගුර ගොඩක් රිදෙනව ඊට පස්සෙ උනු දෙයක් බීපු ගමන් හරියනය.ඒත් දවල්ට කිවිසුම් යනව ඇයි එ
කොරොනා හැඩුන කෙනෙක් ට දවස් කියක් හැකියාව තියනවද තව කේනේක්ට බො කරන්නා
විදල දවස් 5කින් වගේ පීසීආර්  එකක් කලොත් ඒ කෙනාට කොරෝනා තිබුනත් නැතත් පීසීආර්  එක පොසිටිව් වෙන්න පුලුවන්ද
ඇගේ ඔක්සිජන් ප්‍රමාණය කොච්චර තියෙන්න ඕනද? කීවෙනො මට්ටමක තියෙන්න ඕනද?
ඔක්සිමිටරයෙන් බලලා 85 වගේ කිවාම හොස්පිටල් වල බාරගන්නේ නෑ.. නර්ස්ලම කියනවා ඔක්සිමිටරේ පාවිච්චි කරා කියලා කියන්න එපා කියලා ඇයි.ඒ..
ඔක්සිමිටරයෙන් බලලා රෝහල් ගතවෙන්න ඕනි ගනන කියද ඔක්සිජ්න ප්‍රතිශතය. 80 ගනන් වල අය ගන්නෙ නෑ..
"කොරොනා හැදුනු කෙනෙක් හැදුනු බව නොදැන ඒ වේලාවේ එන්නත ගත්තා නම්, ඒකෙන් මොන වගේ බලපෑමක් ඇතිද?"
නිතරම හිස රදය තියන කෙනෙක් එන්නත විද්දට කමක් නැද්ද
වකුගඩු රෝග තියෙන අයට සයිනොෆාම් ලබාගන්න හොඳද?
"මට දැනගන්න පුළුවන් ද වෙජිටෙරියන් ,සුදු යකඩ වලට අසාත්මිකතාවයක් සහිත කෙනෙක්ට ගැලපෙන එන්නත මොකක්ද"
ඇස්ට්‍රාසෙනිකා එන්නත එක මාත්‍රාවක් පමණක් ලබාගෙන සිටින අයට අතුරු ආබාධ ඇතිවීමේ හැකියාවක් පවතින වද
වයස 30 අඩු අයට විදිනවාද. එක මාත්‍රාවක් පමණක් විදිනවාද
එන්නත විදීමෙන් අවුරුදු 8ට පමණ පසු අතුරු ආබාධ එනවා කියලා කියනවා එය ඇත්තද
පලවෙනි එන්නත ගත් පසු කොච්චර කාලයක් එහි බලාත්මක තාවයක් ශරීරයේ තුල තියෙනවද
කොවිඩ් එන්නත ගර්බනි කෙනෙක්ට කොවිඩ් අසාදනය වුනාට පසුව ලබාගන්නවනම් පිලිවෙල අවබෝදයක් දෙන්න පුලුවන්ද?
එන්නත වර්ග දෙකක් එක් අයෙකුට ගන්න පුලුවන්ද? ඒ කියන්නේ සිනොවැක් දෙකම ගනිපු කෙනෙකුට අයෙමත්පයිසර් වගේ එන්නත එකක් ගන්න පුලුවන්ද ?
හෙළ වෛද්‍ය විද්‍යාව අනුව ඖෂධ වර්ග නිර්දේශ ඉදිරිපත් කරන්න පුලුවන්ද ?
මෙ එන්නත් ගත්තට පස්සේ ඔලුව කැක්කුම ආවොත් පැරසිටමෝල් දෙකක් බිව්වට කමක් නැද්ද
ඩොක්ටර් විටමින් සී 500 සහ විටමින් ඊ කරලක් මේ දවස් වල මාස තුනක් විතර ගන්න එක හොදයිද?අවුරුදු 25යි.
මාර්තු මාසයේ කොවිශීල්ඩ් එන්නත හි පලමු මාත්‍රාව ලබා ගත් නමුත් මැයි මස දෙවන මාත්‍රාව ට දින ලබා දුන්න්ද තවම ලබා දීමේදී දිනයක් නොමැත කුමක් කල යුතුය ද?
"මාස දෙකේ බබාට කිරි දෙනවා, සිසේරියන් ක්ලේ මාස2 යි. ස්පුට්නික් වී , එන්නත සුදුසු නැත්ද?"
මට කෑම වර්ග අසාත්මිකතා තියෙනවා.එන්නත ගත්තට කමක් නැද්ද
මුදල් ගෙවා අපි කැමති වැක්සීන් එකක් ලබා ගැනීමට හැකියාවක් පවතීද?
මොඩෝනා එන්නත තමයි සන්වර්දිත රටවල් පාවිච්චි කරන්නේ මොකද?
ඩීවීටී අයට එන්නත එක ගත්තට කමක් නැද්ද ?
ඇල්ජීක්‌ තියන උදව්යට මෙ එන්නට ගත්තට කමක්‌. නෑද්ද
මම ගර්භනී මවක් මම ගතයුතු එන්නත මොකක්ද ගත්තට කමක් නැද්ද
මෙ එන්නත අපෙ ඇගේ කොච්චර කාලයක් තියනවද ? මෙක බල රහිත වෙන්නෙ එන්නත අරගෙන කොච්චර කාලයකට පස්සෙද?
ලන්ඩන් එන්නත ගැන කිව්වෙ නෑ නේ.අස්ට්‍රසෙනිකා එන්නත ගැන මොනවද කියන්න තියෙන්නෙ
මගේ වම් අත උරහිස රිදෙනවා දකුණු අතට විද්දට කමක් නැද්ද
කොවැක්සින් එකට දෙවන මාත්‍රාවට වෙන එකක් ගන්න පුලුවන් ද
ෆයිසර්/මොඩර්නා හෝ ජොන්සන් ඇන්ඩ් ජොන්සන් /මාත්‍රාවන් මුදල් ගෙවා ලබා ගත හැකිද?
සයිනොෆාම් විදිනවනෙ මේ දවස්වල ගාමන්ට්වල වයස 30ට අඩු 18ට වැඩි අයටත් බලෙන්ම කිසිම වගකීමක් ගන්නැතුව. ඒක හොඳ දෙයක්ද
මම සයිනොෆාම් එන්නත 1 මාත්‍රාව ජූලි 8 දින ලබා ගත්තා. එතකොට මම ප්‍රෙග්නට් නැහැ. දෙවන මාත්‍රාව අගෝස්තු 13 දින ලබා දීමට නියමිතයි. මම දැන් ප්‍රෙග්නට් නිසා දෙවන මාත්‍රාව ගැනීම නාෙකල යුතුද?
මට පෙනිසිලෙන් ඉන්ජෙක්ශන් එක ඇලජි උනා මොඩනා වැක්සින් එක ගන්න පුලුවන්ද
ඩයි වලට ඇලජික් තියන අයට සුදුසු ද
මම ඔක්පුරඩි එන්නත් මතෘ දේකම ලබා ගත්තා මෙම බෙහේත් එක කොහොමද
ෆයිසර් එන්නත විදගන්න බැරිද? අපිට කවදාවත් රට යන්න බැරි වෙයිද?
සයිනෝපර්ම් එන්නත් දෙකම ලංකාවේදි මීට මාසයකට පෙර ගත්තා නමුත් සවුදිඅරාබියාව රටේ එම එන්නත පිලිගන්නේ නැහ .යම් එහකින් අනිත් එන්නතක් ගන්න සිදු වුනොත් එය ගත්තම ප්‍රශ්නයක් වෙයිද? එය ගන්නවනම් කොපමණ කාලයකින් ගන්න හොදද?
මම ඇස්ට්‍රාසෙනික ඉන්ජෙක්ෂන් එක ඉයේ ගැහුවා මාරම අමාරුයි මැරිලා ඉන්නේ බාගෙට දෙවනි එකත් අමාරු වෙනවද
අවුරුදු 60 ට වැඩි කට්ටියට දුන්නේ කුමන එන්නතද?
පිත්තාෂය අයින් කරලා තියෙන කෙනෙකුට මේ එන්නතෙන් බලපෑමක් විය හැකිද
මේඑන්නත්වල තියෙනවද ?
මට මාස 2ක බබෙක් ඉන්නවා මැඩම්.. සයිනොෆාම් එන්නත් ලබා ගැනීමෙන් බබාට හානියක් වෙයිද
ඇස්ට්‍රාසෙනිකා හා කොවිශීල්ඩ් යනු එකම එන්නතක්ද? නැතිනම් 2ද?
මගේ එන්නත් කළ තැන තෙමුනා ප්‍රශ්නයක් ඇති වෙයිද
"2021-06-01 දින 12.30 වැක්සින් එක අපිට දෙනව, ඩොක්ට මට සල්ෆ බෙහෙත් ඇලජික් සහ අන්නාසි බල මාළු වගේ ආහාර ඇලජික් තියෙනව වැක්සින් එක අහිතකරද,"
මෝඞෝර්නා ඒන්ත කෝභෝමද
ඇස්ට්‍රා සෙනිකා දෙවෙනි එන්නත ගන්ඩ පරක්කු උනහම වෙන දේවල් ලෝක සෞඛ්‍ය සංවිධානය එක කියලා තියෙනවද
රට යන්න බලාපොරොත්තුවෙන් ඉන්නේ ඩොක්ටර් ඒත් අපිට සයිනෆාම් එන්නත විද්දේ රට යන්න ඒක ප්‍රශ්නයක් වෙයිද
එන්නත මට පලවෙනි එන්නත විදලා මස 3 ඉවරයි මන් සවුදි ඉන්නෙ තාම අනිත් එක ව්ද්දෙ නැ මන් ලන්කවට අවම කොහොමද
මාර්තු මාසයේ කොවිශීල්ඩ් එන්නත හි පලමු මාත්‍රාව ලබා ගත් නමුත් මැයි මස දෙවන මාත්‍රාව ට දින ලබා දුන්න්ද තවම ලබා දීමේදී දිනයක් නොමැත කුමක් කල යුතුය ද??
සිනොවැක් එක කොහොමද?
"මාස දෙකේ බබාට කිරි දෙනවා, සිසේරියන් ක්ලේ මාස2 යි. ස්පුට්නික් වී , එන්නත සුදුසු නැත්ද?"
මට කෑම වර්ග අසාත්මිකතා තියෙනවා.එන්නත ගත්තට කමක් නැද්ද
මුදල් ගෙවා අපි කැමති වැක්සීන් එකක් ලබා ගැනීමට හැකියාවක් පවතීද?
පයිසර් සහ මොඩෝනා එන්නත තමයි සන්වර්දිත රටවල් පාවිච්චි කරන්නේ මොකද?
පයිසර් එන්නත මට පලවෙනි එන්නත විදලා මස 3 ඉවරයි මන් සවුදි ඉන්නෙ තාම අනිත් එක ව්ද්දෙ නැ මන් ලන්කවට අවම කොහොමද මන් මෙ එන්නත විදගන්නෙ
ඩෙල්ටා රෝග ලක්ෂණ මොනවා ද...වැඩියෙන් ම ලෙඩේ අඳුර ගන්න විදිහක් තියෙනවා.
රෝග ලක්ෂණ මොනවද කියල කියන්න පුලුවන්ද
මේහි රෝග ලක්සන මොනවාද
බඩේ අජීර්ණය මෙහි රෝග ලක්ෂණයක් ද
මට තාම 21 යි. මේ එන්නත ගැහුවම අනාගත වදබාවය ඇති වෙනව කියල කතාවක් තියෙනව. ඒකෙ ඇත්තක් තියෙනවද ?
මට 21යි. මන් මේ එන්නත ගත්තා. මන් ජිම් යන කෙනෙක් මන් සප්ලිමන්ට් එකක් බිව්වොත් මට අව්ලක් වෙයිද
මම මෙම එන්නත පලමු මාත්‍රාව ගත්තා. නමුත් දැන් මම ප්‍රෙග්නට්. දෙවන මාත්‍රාව ගැනීම හොද නැද්ද?
මේ එන්නත විද්දාම රටකට යන්ඩ බෑ කියලා කියන්නේ ඇත්තද? ඒ කියන්නේ කොරියන් වගේ යන්න බැරිද?
මේකෙ ආසාත්මිකතා දවස් කීයක් තුල ඇතිවෙන්ඩ පුලුවන්ද?. මන් පලවෙනි මාත්ත්‍රාව ඊයෙ විද්දෙ තාම මුකුත් අවුලක් නෑ..
අවුරුදු 70  වැඩි අයට එන්නත කිරීම හොඳ නැද්ද.?
"දිය වැඩියාව, කොලෙස්ටරෝල් , පෙශර්, තියෙන අය මේ එන්නත් ගත්තට ප්‍රස්නයක් නැද්ද?"
අවුරුදු 19ක් වෙන අය විද්දට කමක් නැද්ද ???
"අධික රුධිර පීඩනය,දියවැඩියාව,කොලෙස්ටරෝල් තිබිලා එක පාරක් කොරෝනා හැදිලා ගොඩාක් අමාරු වුණ කෙනෙක්ට මේක ගත්තම ආයෙත් අමාරු වෙයිද"
2වෙනි මාත්‍රාව ගත්තේ නැත්නම් මොකද වෙන්නෙ
මිස් මම මේ එන්නත අරගත්ත.මට වයස 22යි. බය වෙන්න දෙයක් නවැ නේද ?
එන්නත වර්ග දෙකක් එක් අයෙකුට ගන්න පුලුවන්ද? ඒ කියන්නේ සිනොවැක් දෙකම ගනිපු කෙනෙකුට අයෙමත් පයිසර් වගේ එන්නත එකක් ගන්න පුලුවන්ද ?
අවුරුදු 18ට වැඩි කෙනෙක් ගත්තට මේකෙන් වෙනත් අතුරු ඵල ඇතිවෙන්නෙ නෑනේද
සයිනෝෆාම් හොඳ එන්නතක් නම් ගත්ත අය කොවිඩ් පොසිටිව් වගේම මරණයට පත් වෙලා තියෙන්නේ ඇයි ?
මේ එන්නත ගත්තේ ජූලි 15 වෙනිදා. ඔළුවේ කැක්කුම හැදුනා.. ඔක්කාරය වගේ තිබුනා... දැන් ටික ටික අඩුවෙන බවක් දැනෙනවා. දවස් දෙකේම නෑවේ නැහැ. ඊයේ ඇග සෝද ගත්තා. දැන් නාන්න සුදුසුද?
රුධිර කැටිගැසීම් ඇතිවෙන් නැද්ද?
එන්නතේ මාත්‍රා 2කම එකයිද.. නැත්තම් වෙනස්ද.. ස්පුට්නික් එකේ මාත්‍රා දෙක වෙනස්නෙ.. එ වගේ වෙනස්ද පයිසර් එකත්..
කොරොනා හැදුන කෙනෙක්ට අයේ හැදෙනවද ?හැදුනාම මොනවගේ තත්වයක්ද ඇති වෙන්නෙ කොහොමද
කොරෝනා හැදිලා හොදවුන කෙනකුට එන්නත කරාම අවුලක් නැද්ද
අතුරු ආබාධ තියෙනවා ද මේ එන්නත විද ගන්න අයට?
එක එක වීඩියෝ තියෙනවා එන්නත් ගත්ත අය අවුරුදු දෙකකින් මැරෙනවා කියලා මොකක්ද මේ කතා වල ඇත්ත නැත්ත.. මේ එන්නතේ අතුරු ආබාද තියෙනවද අනේ මට කව්රු හරි කියන්න. අපි ජිවිතේ පටන් ගත්තා විතරයි තව දරුවෙක් වත් නෑ
මාසික ඔපස් චක්‍රයට මෙම එන්නත බලපානවද ගැහැනු කෙනෙක්ගෙ
විදල ප්‍රතිශක්තිකරණය ඇතිවෙන්න දවස් කීයක් යනවද?
උණ තුයනකොට විදින්න හොදද බෙහෙත
"මාස 6යි නේද ශරීරය තුල එන්නතේ ප්‍රතිපල තීන්නෙ.ඊට පස්සෙ මොකද වෙන්නෙ, ආයෙ අලුත් එන්නතක් ලබා ගන්න ඕනද"
ආශ්‍රිතයෙක් ලග ඉඩල ඩවස් කීයකින්ද පුලුවන් අඩුරගන්න පීසීආර් කරල
මුවආවරන අනිවාර්ය කරන්න එමගින් රොගියා බිදිති පරිසරයට මුදවා හැරීම අවම කිරීමට හැකිය එවිට ස්පර්ශ මගින් ව්‍යප්තිය හොදින් පාලනය කල හැකිය
ඒ කියන්නේ දින 14ඇතුලතද දින 14කින් පස්සෙ ද
මටත්. හැදුනා. දැන්. හොද. වෙලා. මාස. 5.වෙනවා. දැන්. පපුව. රිදෙනවා. කොන්ද. රිදෙනවා. ඔලුව. රෙදෙනවා. හරිම. මහන්සියක්‌. දෙනෙනවා
ගෙදර කෙනෙක් කැනඩා සිට අාවා දැනට සති 3 කලින් දැන් එයාට උන කාමරෙට වෙලා ඉනනවා බයයි මොනවා වෙිද
පැනඩෝල් බීවාම හොදද
"මටත් හැදුනා.තෙහෙට්ටුව ,පුදුම විදිහට ඇග රිදෙන්නේ.කන්න බැ මොනවත්..නැගිටලා ඉන්න පනවත් නැ.දවස් 14 හොද උනා.දැන් මාසයකුත් දවස් 6 අදට.දවස් 7 විතර වෙනකොට කැස්ස හැදුනේ තාම අඩුව්ක් නැ.ඒකට මොනාද කරන්න ඔනි"
බොහෝ වයස 60ට වැඩි අයට දියවැඩියා දියුනු රටවල ඒ හැමම  එන්නත අරගෙන තියෙන්නේ
බොහෝ වයස 60ට වැඩි අයට දියවැඩියා දියුනු රටවල ඒ හැමම  එන්නත අරගෙන තියෙන්නේ
"ඇන්ටි බයොටික් ඇලජික් කෙනෙකුට මේ එන්නත ගැනීම සුදුසුද...පැනඩෝල් ,පැරසිටමෝල් . ඇතුලු සියලුම පැනඩෝල් අඩංගු බෙහෙත් .සිප්රොස්සින්, ගොඩක් බේත් ඇලජික්...මේ එන්නත එහෙම කෙනෙක්ට හොදයිද ."
මමත් දියවැඩියාව තියෙන කෙනෙක් මම කුවේට් වල සේවය කරන්නේ මමත් ගොඩාක් බයෙන් හිටියේ කොරොනා එන්නත ලබා ගන්න
මම ඉන්නේ රට මට දියවැඩියාව තියෙනවා බෙහෙත් වර්ග මොකුත් ගන්නේ නැහැ කැම බීම වලින් තමයි පාලනය කර ගන්නේ මෙම එන්නත ගත්තාට කමක් නැද්ද
මම ඉන්නෙ කුවෙිටි මට සිනිත් තියනවා ඉදලාම ඇදුම වගේ හුස්ම ගන්න බැරිව යනවා මම එන්නත ගත්තට ප්‍රස්නයක් නැද්ද
මේ දින වල එක් එක් මිනිසුන් නොයෙක් මත ඉදිරිපත් කරනවා... අපේ ගමේ ප්‍රචාරය වන එක මතයක් නම් මේ දින වල බිත්තර මාළු වැනි දෑ ආහාරයට නොගත යුතු බවයි... මෙහි සත්‍යතාව කුමක් දැයි පැහැදිලි කර දෙන්න.
එයට හැකි සෑම විටම එලවළු පලා සහ බිත්තර මාළු වැනි සත්ත්ව ආහාරයක් එකතු කර ගන්න. සත්ත්ව ආහාර ලබා ගැනීමේදී එය හොඳින් පිස ආහාරයට ගන්න. බිත්තර බැද ගැනීම කිසිසේත් අහිතකර නොවේ. එලවළු ලුණු වතුරෙන් හෝ උණු වතුරෙන් සෝදා පිලියෙල කර ගන්න. කරුණාකර වැරදි මතවලින් බැහැර වන්න. එසේ උපදෙස් ලබා දෙන්නන්ට විරුද්ධ වී පෝෂ්‍යදායි ආහාර ලබා ගන්නා ලෙස හෝ නිවරදි වෛද්‍ය උපදෙස් ලබා ගන්නා ලෙස ඔවුන් දැනුම් දෙන්න
හැදුන කෙනෙක් මොනවද කරන්න ඕන
ඩොක්ට ඔලුව කැකුම තියෙනකොට නාන්න හොදයිද ණීමොනියාව හැදෙන්නේ කොහොමද
උණ විතරක් තිබුනොත් කොවිඩ් ද?
ඩොක්ටර් කොරොනා රොගය වැලදුන දින සිට වයිරසය ඇග තුල කොපමණ දවසක් තිබෙනවද?
මට උගුරට සෙම එනවා විතරයි.වෙන කිසිම ලක්ශනයක් නෑ.අගට අමාරු නෑ..උනක් නෑ.එහෙම සෙම විතරක් එනවාද කොරෝනා නම්.
කොරොනා හැදුන කෙනෙකුට නැවත හැදෙනවද
කොරොනා හැදිලා හොඳ වෙච්ච කෙනෙක්ගෙ පීසීආර් එකක්‌ කළොත් එයාගෙ වැටෙන්නේ පොසිටිව් කියලද
"මේ ලෙඩේ ඇගට ඇතුල් වෙලා මතු වෙන්නෙ කොච්චර කල් යනවද ,මට දැන් මාසයක විතර ඉදන් සෙම ,හුස්ම ගැනීමේ අපහසුතා තියනවා"
හැදුනු කෙනෙකුට ආයෙම වැලෙදෙනවද..
කලින් හැදිලා ආයෙමත් හැදෙනවද මමට ගිය අවුරුද්දෙ සැප්තැම්බර් හැදුන දැන් හෙම්බිරිස්සාව හැදිලා කන් දෙක කසනව ඇග රිදෙනව උන වගේ පැනඩෝල් බිවුවා උගුර දනවා කැස්සත් තියෙනවා
"සමහරු කියනවා හුමාලය අල්ලන්න එපා කියලා,කොත්තමල්ලි බොන්න එපා කියලා..ලෙඩේ හැංගෙනවා කියලා මේක ඇත්තක්ද "
මොකක්ද මේ කොරෝනා වෛරසය වාතයෙන් බෝ වීම කියන්නේ? සමහරු කියනවා මේ වෛරසය වාතය හරහා එක් තැනක සිට තවත් තැනකට ගමන් කරනවා කියලා..තවත් සමහරු කියනවා එහෙම ගමන් කරන්නේ නෑ වාතයේ එකම ස්ථානයක රැදිලා තියෙනවා කියලා..එහෙම රැදිලා තියෙනවානම් ඒ කොපමණ පැය ගණනක් වාගේද?
"මට නින්දේදී හුස්ම හිරවීමක් සිද්ද වෙනව,ඒ වෙලාවට මගෙ හදවත වේගයෙන් ගැහෙන්න ගන්නව ඇඟ වෙව්ලනව,පුලුවන්නම් ඒ ගැන උපදෙසක් දෙන්න"
මම පොසිටිව් උනා. මට සෙම ගතිය තියෙනවා බිත්තර කන්න හොඳ නැද්ද
බැක්ටීරියා වයිරස් වලට ජීවය තියනවා නෙ...පරපෝෂිතයන් ට දෙන බෙහෙත් හරියන්න පුලුවන්නෙ...
කොවිඩ් හැදිලාද දවස් 14 කින්ද නැත්තම් රෝග ලක්ෂණ පහල වෙලා දවස් 14 කින් ද හොදවෙන්නෙ?
මට කොවිඩ් හැදිලා දවස් 10 ක් විතර වෙනව.තාම සෙම තියෙනවා .හොද වෙන් නැද්ද
මම නිරෝගී කෙනෙක්. ඉස්සර ඉදන්ම කොත්තමල්ලි බිවුවම මට ඇග රිදෙන්න අරන් හතියට එනව ඒ ඇයි.
කොරෝනා රෝගීන් හුමාලය අල්ලන එක හොදද?
මටත් හැදුනා කොරොනා මම ඉන්න රට මට හති තියෙනවා එක වැඩි වුනා විටමින් සී විතරයි බිවිවෙි විටමින් ඊ බිවිව දැන් මාස දෙකක් වෙිනවා හෙදයි දැන් විටමින් සි  1000 පෙති තියෙනවා ලග එවා බිවිව ට කමක් නැද්ද
කෝවිඩ්‍ හැදිල ඉන්න කෙනෙක් හැම වෙලාවටම මුනින් අතට නිදාගත්තට කමක් නැද්ද
සී විටමින් දිනපතා බොන්න හොදයිද? දරුවන්ට හොදයිද ??
කොවිඩ් වැළදිලා තියද්දී කොවිඩ් එන්නත් ලබාගැනීම සුදුසුද?
"මමත් කොවිඩ් ආසාදිතයෙක් වෙලා ඉන්නෙ මේ වෙලාවේ, මට රෝහලෙන් කිව්වේ කෝල් කරලා පොසිටිව් කියලා විතරයි ,දක්වපු කරුණු වලින් මට අවබෝධ උනේ මටත් ඩෙල්ටා ප්‍රභේද ශරීරගත වෙලා තියෙන්නේ කියලා ."
එන්නත කොපමණ කාලයක් වලන්ගුද...
බෙහෙත් වර්ග කියන්න පුළුවන්ද
බ කියන සරල පර්‍ර්ක්ශනයන් වලින් අපට දළ අදහසක් ගන්න පුලුවන් වෙන්නෙ අපේ රුධිරගත ඔක්සිජන් ප්‍ර්‍රමාණය ගැන පමනයි. කොවිඩ් ද නැද්ද කියල ඔය ක්‍රිම වලින් කියන්න අපහසුයි. මොකද තව රෝග කීපයකදි ඔය කියන පර්‍ර්ක්ශන ධන ප්‍රතිඵල ලැබෙන්න පුලුවන්
නීරෝගී පුද්ගලයෙක් කොපමණ වේලාවක් හුස්ම රදවාගෙන ඉන්න ඕනද?
පලවෙනිම වයිරස් බිද ශරීර ගතවී දින කීයක් යනවද හති වැටෙන්න.
මේ ලෙඩේ ශරීර ගත වෙලා රෝග ලක්ශන එන්න කොච්චර කල් යනවද
ඩෙල්ටා වයිරසය පෙනහලු වලට ගියාම හොද වෙන කිසිම විදියක් නැද්ද ඔය කියන විදියට
ගද සුවද නොදැනීම පිළිබඳ දැනුවත් කරන්න පුලුවන් ද?
"ස්වසන පද්දතියට ආසාධනය වෙලා කොයිතරම් කාලයකින්ද, ස්වසන අපහසුතා පෙන්වන්නේ? දවසක්? දෙකක්?, 3ක්? සුමානයක් ? දෙකක්? 3ක්, මාසයක්?"
වයෝවෘද්ධ නම් ඔය කියන අභ්‍යාස කරන්න බැහැ නේද
"ඇනිමියා රෝගින්ට මේ රෝග ලක්ශන බහුලයිනේ,,,ඉතින් කොමද හදුනා ගන්නේ"
කොවිඩි වාතයේ තියනවා නමි අපි ඒ තැනින් ගමන් කරොත් ඒ බිදිති අපේ ඇඟේ ේ ඇදූමි වල තැවරෙනවද
මෙ වෛරස ශරිර ගත වෙලා අපට ඒ රෝග ලක්ෂණ පෙනෙන්න දවස් කීයක් අවම වශයෙන් යනවද.දින 14 පසුව අවදානමක් නැද්ද
මුනින් අතට නිදාගන කොච්චර වෙලා ඉන්න ඕනද එටපස්සේ මොකද කරන්න ඕන කියලා දෙනවද
අපෙ ගෙදර තුන් දෙනාටම උණ හැදුනා එවුනාට අපි බෙහෙත් බිව්වා  දැන්නම් උණ නෑ.කැස්ස තියෙනව කොරොනා නම් බෙහෙත් බිව්වට අඩු වෙන්නේ නැනෙද?
අපි බෙහෙත් විදින්නෙ නැතුව හිටියට කමක් නැද්ද.
ගැබිනි මවුවරැන්ට බලපාන කරැනු පිලිබදව පැහැදිලි කිරිමක් කරන්න
ඉන්ජෙක්ෂන් ගත්ත අයත් මලා අපේ පැත්තේ. තේරැමක් නැද්ද ඉන්ජෙක්ෂන් ගහන එක. මම හිතන විදියට එලියට නොයා ඉන්න එකයි වඩා හොද.
කොවිඩ් හැදුණු අයට උපදෙස් දෙන්න්
කෝවිඩ් වයිරසයේ මේද කාන්ඩ එකිනෙක තිරයක ආකරයෙන් බැදීමෙන් හුස්ම හිරවීමක් වෙනවද ?
සයිනොෆාම් එන්නත කොවිඩ් ඩෙල්ටා ප්‍රබෙදයට හොදයිද
එන්නත් ගත්ත තරුණ නිරෝගි අයටත් කොරෝන හැදුනම හුගක් අමාරු වෙනවා.එහෙම වෙන්නෙ ඇයි කියලා පැහැදිලි කරලා දෙන්න
",කොවිඩ් රෝගියෙකුට සුදුසු හා නුසුදුසු පළතුරු මොනවද"
"දන්තාලේප භාවිතා කිරීමෙන් මුඛයේ කොවිඩ් විනාශ වෙනවාද.,සතුන්ට කොවිඩ් හැදෙනවාද"
කොවිඩ් රෝගියකුට පාණයෙන් සහ පරිහරනයෙන් උණු ජළය කෙතරම් දුරට රෝගය පාළනය කරගැනීමේ හැකියාව තිබෙන්වාද.
කොවිඩ් පොසිටිවූ වෙන අයකුට දෙවන එන්නත ගන්න පුළුවන් කාලය සදහන් කරන්න
"අපි මාස්ක් දැම්මට ඇස් දෙක වාතයට විවුර්ත වෙලානේ තියෙන්නේ ? ඇස්වල මේ වයිරසය ඇලුනොත් රෝගය ආසාදනය වෙන්න පුලුවන්ද ?? ඇස් අල්ලන්න එපා කියලා මීට කලින් මාද්‍ය වලින් කියලා දෙනවා අහලා තියෙන නිසා ඇහුවේ?? ,,අපු මාස්ක් දැමීම එනිසා සාර්ථක ද?."
වෛරසය ආසාදනය වූ මුල්ම දවස් වල ඔක්සි මීටරයට අහුවෙන්නෙ නැද්ද...( පෙනහලු ආසාදනය වීමට පෙර)
පෙරුම්කායම් ස්වල්පයක් මාස්ක් එකේ ඇතුල්පැත්තෙ හුස්ම ගැනෙන විදියට යොදාගෙන බලන්න .මම අත් හදාබැලුව සාමාන්‍ය සෙම අමාරුත් සනීප වෙනවා.
"කොවිශීල්ඩ් පළමු මාත්‍රාව 3වන මාසයේ විතර ගත් කෙනෙක් දැනට පොසිටිව් වෙලා නිරෝධායනය වෙලා ඉන්නවා, එයාට 2වෙනි 1ගන්න ගියාම 19එන්න කියල ඒ අතරතුර තමා පොසිටිව් වුනේ. ආයෙ සුව වෙලා දින 14 ට පසු යනකොට ගන්න තැනක් නොතිබුනොත් මොකද කරන්නෙ"
පලවෙනි කොරොන අදුනුත් ආයේ හැදෙනවද..
කොවිඩ් හැදිලා හොදවෙලා මාස 5පමන වෙනයා එන්නත පලමු එකත් ග අරගනමාසයක් පමනවෙද්දි කැස්ස හෙමිබිරිස්සාව හැදුනා උණ ආවෙනැහැ සාමාන්‍ය සෙමිප්්රතිස්‍යාව වගේ නමුත් සැන් සුවයි ගද සුවද දැනෙන් වැහැ තවම උපදෙසක් බලාපොරොත්තු
කොවිඩ් රෝගය වැළඳී සිටි කෙනෙක්ව යළිත් ආශ්‍රය කල යුත්තේ කොපමණ කාලයකින්ද?
ඩෙල්ටා නැතිව කොරොනා වෙයිරසය උගුරෙ දින කියක් පමන රැදිලා තියෙනවද
මට බෙහෙත් අැලජික් එකක් තියෙනවා. මගේ වයස 40 . අවුරැදු 4 ක බබෙක් ඉන්නවා. මම කොරෝනා එන්නත ගන්න බයේ ඉන්නේ. බබා ලැබෙද්දි දිපු සින්ටෝත් මට. අැලජික් වුනා. මම මොනවද කරන්නේ.
ඇන්ටිජන් ටෙස්ට් එක ගෙදර ඉදන් කරන්නේ කොහොමද?  වැක්සිවලින් ගහගත් අය මැරෙන්නේ ඇයි?
බෙහෙත් විද්ද අයත් මැරෙනවනමිි බොරැවට බෙිිිත් විදලා වැඩක් නැැැ නේ්ද
අපේ සීයාට වයස අවුරුදු 82 එයාට ඩොක්ටර් ඇමොක්සලීන් ඇලජික්. ඇමොක්සලීන් බෙහෙතක් දුන්නම එක පාරක් එයාට පලු දාලා සිහිය නැති උනා කොරොනා වලට ඉන්ජෙක්ෂන් එක විද්දොද් සීයාට ප්‍රශ්නයක් වෙයිද ?
"කොරොනා හැදුනු කෙනෙක් හැදුනු බව නොදැන ඒ වේලාවේ එන්නත ගත්තා නම්, ඒකෙන් මොන වගේ බලපෑම් ඇතිද?"
සිනි අදිරුදිර පිඩනය තියන අයට එන්නත් එක ගත්තට කමක් නැද්ද
මගෙ වයස අවුරුදු 72 යි පලවෙනි මත්‍රව විදල දන් සති දෙකයි.මොකුත් වෙනසක් නැහැ.
60 ට වැඩි අයට මොන වර්ග යද හොද ඩොක්ටර් අපිට තමා එකක් වත් ගහල නැහැ
නිතරම හිස රදය තියන කෙනෙක් එන්නත විද්දට කමක් නැද්ද
"මට දැනගන්න පුළුවන් ද වෙජිටෙරියන් ,සුදු යකඩ වලට අසාත්මිකතාවයක් සහිත කෙනෙක්ට ගැලපෙන එන්නත මොකක්ද"
වකුගඩු රෝග තියන අයට ඇස්ට්‍රාසෙනිකා ලබාගන්න හොඳද
ඇස්ට්‍රාසෙනිකා එන්නත එක මාත්‍රාවක් පමණක් ලබාගෙන සිටින අයට අතුරු ආබාධ ඇතිවීමේ හැකියාවක් පවතිනවද
එන්නත විදීමෙන් අවුරුදු 8ට පමණ පසු අතුරු ආබාධ එනවා කියලා කියනවා එය ඇත්තද..?
වයස 30 අඩු අයට විදිනවාද. එක මාත්‍රාවක් පමණක් විදිනවාද
පලවෙනි එන්නත ගත් පසු කොච්චර කාලයක් එහි බලාත්මක තාවයක් ශරීරයේ තුල තියෙනවද
කොවිඩ් එන්නත ගර්බනි කෙනෙක්ට කොවිඩ් අසාදනය වුනාට පසුව ලබාගන්නවනම් පිලිවෙල අවබෝදයක් දෙන්න පුලුවන්ද?
එන්නත වර්ග දෙකක් එක් අයෙකුට ගන්න පුලුවන්ද? ඒ කියන්නේ සයනොවැක් දෙකම ගනිපු කෙනෙකුට අයෙමත් පයිසර්වගේ එන්නත එකක් ගන්න පුලුවන්ද ?
"ඔය කියන විදියට ඉදිරියට මොන වෙයිද කියන්න බැරිනම් කොහොම විශ්වාසයෙන් විදින්නේ,,, දෙයක් උනොත් ඔක්කොම විදලා ඉවරයි නේ,,,, බටහිර වෙදකම් ඔහොම තමා මේ කියන දේ නෙවෙයි ඊළගට කියන්නේ"
ඇස්ට්‍රාසෙනිකා එන්නත එකේ දෙවන මාත්‍රාව වෙනුවට වෙන එන්නතක දෙවන මාත්‍රාව දෙන එක පරික්ෂණ මට්ටමේ කිව්වට එහෙම එකක් වෙන්න බැ මොකද ඒවගෙ අවශ්‍යතාවක් තියෙන්නෙ ලන්කවට විතරයි නෙ.ලන්කවට දීලා තමයි පරික්ශා කරන්න වෙන්නේ.
හෙළ වෛද්‍ය විද්‍යාව අනුව ඖෂධ වර්ග නිර්දේශ ඉදිරිපත් කරන්න පුලුවන්ද ? ඒ සම්බන්ධව ඔබ තුමිය ට යම් කිසි අදහසක් ඉදිරිපත් කරන්න පුලුවන්ද?
විටමින් සී 500 සහ විටමින් ඊ කරලක් මේ දවස් වල මාස තුනක් විතර ගන්න එක හොදයිද?අවුරුදු 25යි
අපිට ස්පුට්නික් වී එන්නත පළමු මාත්‍රාව විද්දා... දෙවනි එක ඕන නෑ කියනවා.... එකකින් අවදානම අඩු වෙයිද?
දිගු කාලීනව ප්‍රශ්න ඇති වෙනවද කියල අපි කවුරුත් දන්නෙ නැහැනෙ.
මාර්තු මාසයේ කොවිශීල්ඩ් එන්නත හි පලමු මාත්‍රාව ලබා ගත් නමුත් මැයි මස දෙවන මාත්‍රාව ට දින ලබා දුන්න්ද තවම ලබා දීමේදී දිනයක් නොමැත කුමක් කල යුතුය ද??
මුදල් ගෙවා අපි කැමති වැක්සීන් එකක් ලබා ගැනීමට හැකියාවක් පවතීද?
අපේ අමිමට ශයිනොෆාමි එන්ත විදලත් කොරොනා පොසිටියුවි කියලා ආවනෙ පලවෙනි එන්ත විතරයි ගැහුවෙ දෙවනි එන්ත විදින්න තියෙන්නෙ මෙ මාසෙ 30
මෝඩර්නා එන්නත හොදයිද?
සිනොවැක් එක කොහොමද?
"මාස දෙකේ බබාට කිරි දෙනවා, සිසේරියන් ක්ලේ මාස2 යි. ස්පුට්නික් වී , එන්නත සුදුසු නැත්ද?"
මට කෑම වර්ග අසාත්මිකතා තියෙනවා.එන්නත ගත්තට කමක් නැද්ද
මොඩෝනා එන්නත තමයි සන්වර්දිත රටවල් පාවිච්චි කරන්නේ මොකද?
මෙ එන්නත අපෙ ඇගේ කොච්චර කාලයක් තියනවද ? මෙක බල රහිත වෙන්නෙ එන්නත අරගෙන කොච්චර කාලයකට පස්සෙද?
ඇල්ජීක්‌ තියන උදව්යට මෙ එන්නට ගත්තට කමක්‌. නෑද්ද
ඔබගේ පැහැදිලි කිරීම් හරිම වටිනව. එන්නත් පිළිබඳ තිබූ සැක දුරුවිය. මැඩෝනා එන්නත පිළිබඳවත් වැඩ සටහනත් කරන්න
අයට එන්නත එක ගත්තට කමක් නැද්ද ?
මම ගර්භනී මවක් මම ගතයුතු එන්නත මොකක්ද ගත්තට කමක් නැද්ද
එන්නතෙන් පස්සේ. සාමාන්‍ය ජීවිකාව කරගෙන යන්න පුළුවන් ද? මත්ද්‍රව්‍ය ගත්තාට කමක් නැද්ද.
ලන්ඩන් එන්නත ගැන  ගැන මොනවද කියන්න තියෙන්නෙ
ෆයිසර් එන්නත විදගන්න බැරිද? අපිට කවදාවත් රට යන්න බැරි වෙයිද?
ප්‍රාන්ස්වල කොවිඩ්19හැදුන කෙනකූට එක එන්නතයි ලබා දෙන්නෙ. හැදිලා අනිවාර්යෙන් මාස3ක් ගතවුනාට පසුටයි.ඇයි අපේ රටෙ එන්නත්2ක් ලබා දෙන්නෙ .හැදුන අයට.
ඩොක්ටර් මගේ වම් අත උරහිස රිදෙනවා දකුණු අතට විද්දට කමක් නැද්ද
කොවැක්සින් එකට දෙවන මාත්‍රාවට වෙන එකක් ගන්න පුලුවන් ද
සයිනොෆාම් විදිනවනෙ මේ දවස්වල ගාමන්ට්වල වයස 30ට අඩු 18ට වැඩි අයටත් බලෙන්ම කිසිම වගකීමක් ගන්නැතුව. ඒක හොඳ දෙයක්ද
වෛද්‍ය තුමියනි ෆයිසර්/මොඩර්නා හෝ ජොන්සන් ඇන්ඩ් ජොන්සන් /මාත්‍රාවන් මුදල් ගෙවා ලබා ගත හැකිද?
මම ඉන්නේ ඉතාලියේ අපිට එන්නත දෙනවා හොද මොන එන්නතද කියන්න පුළුවන් ද
මැඩම් මම සයිනොෆාම් එන්නත 1 මාත්‍රාව ජූලි 8 දින ලබා ගත්තා. එතකොට මම ප්‍රෙග්නට් නැහැ. දෙවන මාත්‍රාව අගෝස්තු 13 දින ලබා දීමට නියමිතයි. මම දැන් ප්‍රෙග්නට් නිසා දෙවන මාත්‍රාව ගැනීම නාෙකල යුතුද?
ඩයි වලට ඇලජික් තියන අයට සුදුසු ද
මම ඔක්පුරඩි එන්නත් මතෘ දේකම ලබා ගත්තා මෙම බෙහේත් එක කොහොමද
ප්‍රොලක්ටිනොමා රෝගීන් ට සුදුසු ද
සයිනෝපර්ම් එන්නත් දෙකම ලංකාවේදි මීට මාසයකට පෙර ගත්තා නමුත් සවුදිඅරාබියාව රටේ එම එන්නත පිලිගන්නේ නැහ .යම් එහකින් අනිත් එන්නතක් ගන්න සිදු වුනොත් එය ගත්තම ප්‍රශ්නයක් වෙයිද? එය ගන්නවනම් කොපමණ කාලයකින් ගන්න හොදද?
මට මොඩනා වැක්සින් එක ගන්න පුලුවන්ද
මම ඩුබායි වල ඉන්නෙ.මමෆය්සර් එන්නත ගහලා තියෙන්නේ. දරුවෙක් හදන්න බලාපොරොත්තුවෙන් ඉන්නවා.මගෙ ඩොක්ටර් කිව්වා එන්නත ප්‍රශ්නයක් කරගන්න එපා කියලා .එත් එන්නත ගහපු තැනින් කිව්වා මාස 3ක් යනකල් එපා කියලා .මට අදහස දැනගන්න පුලුවන්ද ..?
අවුරුදු 60 ට වැඩි කට්ටියට  දුන්නේ කුමන එන්නතද?
මම ඇස්ට්‍රාසෙනික ඉන්ජෙක්ෂන් එක ඉයේ ගැහුවා මාරම අමාරුයි මැරිලා ඉන්නේ බාගෙට දෙවනි එකත් අමාරු වෙනවද
ඇලජි තියනවනම් මේවා විදින්න හොද නැද්ද
මට මාස 2ක බබෙක් ඉන්නවා .. සයිනොෆාම් එන්නත් ලබා ගැනීමෙන් බබාට හානියක් වෙයිද..
පිත්තාෂය අයින් කරලා තියෙන කෙනෙකුට මේ එන්නතෙන් බලපෑමක් විය හැකිද
මොඩර්නා එන්නත ගැන පවසන්න
සයිනෆාම් ගත්තම ලේ කැටි වීමක් වෙනවද
මගේ එන්නත් කළ තැන තෙමුනා ප්‍රශ්නයක් ඇති වෙයිද
මොඩර්නා එන්නත ගැන කතා කරන්නේ නැත්තේ ඇයි
මෝඞෝර්නා ඒන්ත කෝභෝමද
"වැක්සින් එක අපිට දෙනව, ඩොක්ට මට සල්ෆ බෙහෙත් ඇලජික් සහ අන්නාසි බල මාළු වගේ ආහාර ඇලජික් තියෙනව වැක්සින් එක අහිතකරද, මම ගොඩක් වීඩියෝස් බැලුව, ඩොක්ටර් වැක්සින් ගන්න බයයි මම දරුවන් ඉන්න මවක්"
ඇස්ට්‍රාසෙනිකා  හා කොවිශීල්ඩ් යනු එකම එන්නතක්ද? නැතිනම් 2ද?
ඇස්ට්‍රාසෙනිකා දෙවෙනි එන්නත ගන්ඩ පරක්කු උනහම වෙන දේවල් ලෝක සෞඛ්‍ය සංවිධානය එක කියලා තියෙනවද
මොඩර්නා එන්නත ගැනත් කියලා දෙන්න.
රට යන්න බලාපොරොත්තුවෙන් ඉන්නේ ඩොක්ටර් ඒත් අපිට සයිනෆාම් එන්නත විද්දේ රට යන්න ඒක ප්‍රශ්නයක් වෙයිද ඩොක්ටර්.. එහෙම බලාපොරොත්තුවෙන් ඉන්නවනම් අපි ගන්න ඕනි ෆයිසර් එන්නතද
පයිසර් එන්නත මට පලවෙනි එන්නත විදලා මස 3 ඉවරයි මන් සවුදි ඉන්නෙ තාම අනිත් එක ව්ද්දෙ නැ මන් ලන්කවට අවම කොහොමද මන් මෙ එන්නත විදගන්නෙ
මෙ එන්නත් වලින් අවුරුදු දෙකෙන් මැරෙනවා කියන එක ඇත්තද මෙ නිසා ගොඩක් අය බය වෙලා ඉන්නේ අනේ ඩොක්ට මම ඉන්නේ රට මමත් එන්නත්එක ගත්ත මැරෙයි ද
අසාත්මිකතා තියෙන අයට හොස්ටල් ඒකෙ නැවතිලා එන්නත ගහන්න බැරිද
මට දැන ගන්න ඕනි. දෙවෙනි මාත්‍රාව ලංකාවෙන් ගන්න පුළුවන් වෙය්ද කියලා.
එන්නත එක ගත්තාම බබෙක් බලාපොරොත්තු වෙන කෙනෙක් ඒක නිසා මදසරුභාවයට පත් වෙනවද? ඊට පස්සේ ගැබ් ගන්නේ බැරිද
මට 25 යි. මම සිනොපාම් පලමු මාත්‍රාවක් ගත්තා . පිටරටකට යන අදහසක් තියනවා ඒ සදහා නැවත සිනොපාම් ගන්න වෙවිද?! එහෙම පුලුවන්ද?
මම බෙබික් ලැබෙින්න ඉන්නේ මටසයිනොෆාමි විදින්නලු...විසදුමක් දෙන්න
මුඛ ආවරණ දෙකක් දාන්න හොඳ නැත්තේ ඇයි කියලා පොඩ්ඩක් කියල දෙන්නකෝ
සර්ච්කල් මාස්ක් එකට උඩින් රෙදි මාස්ක් එකක් දානවට වඩා ලේයර් 5ක් තියන  මාස්ක් එක හොඳ නැති වෙන්නෙ ඇයි .
රෙදි මුඛ ආවරණ එකක්ම දාන්නෙ?
අපි ගේන එළවළු වගේ දේවල් වල ඔය විසබීජ තියෙන්න පුලුවන්ද? අපි කොහොමද ඒ වගේ දේවල් වලින් පරිස්සම් වෙන්නේ? අපි කඩෙන් ගේන පොල් ගෙඩියේ මතුපිට පවා එහෙම අවදානමක් තියෙන්න පුලුවන් නේද?
ඔලුවේ සෙම පිරීම පපුවේ සෙම පිරීම ට මොකක්ද කරන්නේ කියලා කියන්නකෝ බෙහෙත් ගන්නවා දැන් ගොඩක් වතාවක් අරන් තියනවා ඒත් තාම සුව උනේ නැහැ. තාවකාලික සුව උනා. බේත් ඉවර උනාම ආය හැදෙනව. මොකක්ද මේකට කරන්න ඕනේ.
එළවළු වල කොතරම් වෙලාවක් වයිරස් රැදිලා තියෙනවද වයිරස් එක සබන් දාලා හොදින් හේදුවාම නේ ඉවත් වෙන්නේ එතකොට කොහොමද මතුපිටක තියෙන වයිරස් එක වෙනත් බඩුවක හෝ වෙනත් දෙයකට මාරු වෙන්නේ  මාස් එක හෝදලා පාවිච්චි කරන්න පුලුවන්ද
කොරොනා වයිරසය පැය කිපයක් විවුර්ත පරිසරයේ සජිව පවතිනවද
කොරොනා වැලදුනු කෙනෙක් පිට රටක සිට ආවාම බිරිද සමග එකතුවිම ගැටලුවක් තියෙනවාද?
මම ආරක්ෂා උනා උපරිමයෙන් ඒත් මම ආසාදිතයෙක් උනා එසේ වීමට හේතු මොනවද
මාස්ක් එක දාගෙන ව්‍යායාම කරන්න හොදයිද ඇවිදීම වගේ
ආහාර වලින් කොවිඩ් බෝවෙන්න කොහොමද කරුනාකර පහදා දෙන්න
මුඛ ආවරණ සෝදා පාවිච්චියට ගන්න පුළුවන් ද?
මග තොටකදී හදිසියේවත් මුන කසන්න උනොත් අත් දෙකේ සෙනිටයිස ගාල මූන කැසුවට කමක් නැද්ද??? ඩොක්ට මට මාස් දාපුවාම මූන කසනව. ඒ නිසා මම අත්‍යාවශ්‍යම ගමනක් හැර කොහෙවත් යන්නෙ නෑ.
කොරෝනා වලින් ආරක්ෂා ව්මට ගත යුතු ආහාර-පාවිච්චි කරන්න පුළුවන් ව්ට්ම්න් වර්ග
මුහුණු ආවරණ එකකින් අපිට අමතර ආරක්ශාවක් ලබා ගන්න පුලුවන්ද
 මුඛ ආවරණ නැවත භාවිතා කළ හැකිද
ඩොක්ට. එතකොටකේනයින්ටිඵයි විතරක් හරියන්නෙත් නැද්ද
කොවිඩ් වලින් බේරෙන්න හොඳම මාස්ක් එක මොකද්ද?
ඩබල් මාස්ක් පැලඳීමෙන් වැඩි ආරක්ෂාවක්
කෙනෙකුගේ කැමැත්තෙන් තොරව එන්නතක් ගහන්න පුලුවන්ද ???අපි දැකලා තියෙනවා කාටහරි සැත්කමක් කරන්න යනකොට පවුලේ සාමාජිකයෙක්ගෙන් කැමැත්ත අරගෙන අස්සනක් ගන්නවා...පහදන්න  එකේ එහෙම නීතියක් තියෙනවද?
ෙඩල්ට එක හැදුනාහම අනිවාරයේන් මැරේනවද
ඇත්තටම මේ එන්නත ගන්නේ නැතුව ඉන්න බැරිද අනේ මන් බෙහෙත් විදිනවට බයයි. මන් එළියට යන්නේ නැහැ උදේ ඉඳන් ඉන්නේ කාමරේ ට වෙලා. කෑම කන්න නාන්න විතරයි එළියට යන්නේ. දොර ජනෙල් වහලා ඉන්නේ මන්. මන් ආස නැහැ එළියට යන්න. මන් කා එක්කවත් කතා කරන්න යන්නෙත් නැහැ. මට හිතෙනවා ඒක නොගෙන ඉන්න. මන් හැම වෙලේම අත් සෝදනවා. උණු වතුර බොනවා. මේ පැත්ත ගොඩක් රස්නෙ. සමහර අය එන්නත එක අරගෙන නැති වෙනවා ඒකට බයයි මට 20 යි. මට පිළිතුරක් දෙන්න පුළුවන්
අයුරුවෙද බෙහෙත් බිපු අයට කොරොනා හැදුනට මැරුනෙ නැ නෙද එත් බෙහෙත විද්ද 38ක් මැ රිලා තියනව දැනට
දුම් අල්ලන්න හොඳ නැද්ද දිගටම. මිනිස්සු ගොඩක් අය දුම් අල්ලන්නව නේ උදේ හවස. එහෙම දිගටම දුම් ඇල්ලුවොත් පෙනහළු වලට බලපෑම් සිදු වෙයි ද
"අපි වැඩ කරන්නේ ඒසී එකේ.. පැය 10ක් විතර කාර්‍යාලයේ.. අපිට වතුර බොන්න, කන්න මුඛ ආවරණ ගලවන්න වෙනවා... මොකක්ද මේකට කරන්නේ? අපි කොහොමද බේරෙන්නේ?"
බඩේ අමාරුව රෝගලක්ෂණ යක්ද
මගේ දුව සයිනෝෆාම් එන්නතේ එක් මාත්‍රාවක් අරන් තියෙද්දි කොරොනා හදුනා.දන් එයට දෙවන මාත්‍රාව ගන්න වෙන්නෙ නවත දවස් කීයකින්ද
මෙ කාලෙ ගැබිනි වෙන්න හොද නැතිද
"ගොඩාක් නහාය හිර වෙලා හෙම්බිරිස්සාව ,සුවද එන් නැ ඉතින් ..බෙහෙත් ගත්තා තවම අඩු නැ ..ගෙදරදී මොනවද ඒ සදහා කරන්න පුලුවන්"
පලමු මාත්‍රාව සයිනෝෆාම් ගැහැව්වෙ .දෙවන මාත්‍රාව වැරදිලා  ගැහැව්වෙ. මොකක් වෙය්ද
මේ ප්‍රශ්නයට උත්තරයක් දෙන්න.මම අද එන්නත එකේ මාත්‍රා තුනෙන් තුන්වන මාත්‍රාව එක අරගත්තා .මම කොවිඩ් එන්නත එක දැන් ගත්තට කමක් නැද්ද
මෙම එන්නත්වල ප්‍රතිශක්තීකරණය කොපමන කාලයක් ශරීරය තුළ තිබෙනවාද.
ගෙදරට ගේන බඩු වලිනුත් බෝ වෙන්න පුලුවන්ද..ඒවා සෝදල ගන්ශ ඕනද
ගෙදරට ගේන බඩු වලිනුත් බෝ වෙන්න පුලුවන්ද..ඒවා සෝදල ගන්ශ ඕනද
කොවිඩ් ආසාදිත රෝගීන් සමග එකම කාමරයේ සිටියත් දිනකට දෙවතාවක් දුම් අල්ලනු ලැබූ දන්නා කිහිප දෙනෙකුම ආසාදිත වූවේ නැත.මේ මොහොතේ බේරීම ඉතාම වැදගත්.මෙම දත්තය මාස 8කට පෙර නිවැරදි වන්නට ඇත
මේකෙන් මිනිස්සුන්ට අදහසක් යන්නේ දුම් ඇල්ලීම උගුර සේදීම කිසිම වැඩක් නැහැ කියලා. මෙහි ධනාත්මක බව මිනිස්සුන්ට කියලා දෙන්න. ඉස්සරලා වෛද්‍යවරුන් කිව්වා මාස්ක් ඕන නැහැ කියලා..දුම් අල්ලන එක මුඛවාඩම් බඳින එක මේවා මූලික සිද්ධාන්ත. ඕනම දෙයක් ඕනවට වඩා කරන්න හොඳ නැහැ
පීසීආර් පරීක්ෂණ සඳහා හදපු උපකරණයට සහතිකය ගත්තේ මොන කාලයේදී
කොවිඩ් හැදුන කෙනෙක් ගෙදරදී ප්‍රතිකාර කරගන්නේ කොහොමද
ඩෙංගු රෝගය මීට වසර එක හමාරකට පෙර සැදුණු කෙනෙක්ට මේ එන්නත ලබා ගැනීම සුදුසු ද? ගුද මාර්ගයේ ගැටිති සැත්කමකින් ඉවත් කල අයෙක් මේ එන්නත ලබා ගැනීමට සුදුසු ද??
මට ආසන්නම නිරෝදායන මධ්‍යස්ථානය කුමක්ද?
මට ළගින්ම තියෙන නිරෝදායන මධ්‍යස්ථානය මොකද්ද?
"මම ආසාධිත නම්, මම නිරෝධායනය වෙන්න කොහෙටද යන්න ඕනෙ?"
මගේ නිරෝධායන මධ්‍යස්ථානයෙ විස්තර දෙන්න
මගේ ප්‍රදේශයේ ඇති නිරෝධායන මධ්‍යස්ථාන මොනවාද?
මම ආසාධිත නම් මම යන්න ඕනෙ කොහෙටද?
මගේ ප්‍රදේශය නියෝජනය කරන පීඑච්අයි කවුද?
මට පීඑච්අයි ගෙ ඇම්තුම් විස්තර දැනගන්න පුලුවන්ද?
මට ආසන්නම පීඑච්අයි කොහෙද?
මට ආසන්නම  කාර්යාලය කොහෙද?
මට ආසන්නම  කවුද?
මාගේ දිස්ත්‍රික්කයේ  කාර්යාල කීයක් තිබෙනවාද?
 කාර්යාලයෙන් මට කොවිඩ් එන්නත ලබාගත හැකිද?
සයිනොෆාම් එන්නත් දෙකම අරගත්තට පස්සෙ ප්‍රතිශක්තිය ඇති වෙන්න කොපමන කල් යනවද?
මම රෙජිස්ට්‍රර් වෙලා ඉන්නෙ කුවේට් . මෙහෙදෙන්නෙ. එන්නත් කරන්නෙ පයිසර් කියන එන්නත මම තාම.විද්දෙ නෑ. වකු ගඩු ගල් තියනව කමක් නැද්ද
"කෑම වලින් අසාත්මිකතා ඇතිවන උදා. (හරක්මස්, ඉස්සෝ, දැල්ලෝ, උරුමස්, අන්නාසි, තක්කාලි වැනි ආහාර )පුද්ගලයෙක්ට මෙම එන්නත් ලබාගැනීම මගින් යම්කිසි භයානක තත්වයක් ඇතිවිය හැකිද."
මම ඉන්නෙ කුවෙට් එකෙ මට මාර්තු පහලොව කොරොනා හැදුනා අයෙට් මට කොරොනා හැදෙන්න පුළුවන් ද කොරොනා හැදිලා මස කියකින්ද බෙට් එක ව්දින්න හොඳ කුවෙට් එකෙ මස හතරකට පස්සෙ බෙත් එක විදිනවා මස හතරකට පස්සෙ ව්ද්දට පස්නයක් නට්ද
මගේ වම් අත උරහිස් ස රිදෙනවා ඩොක්ටර් වම් අතට ඉන් ජෙක්ෂන් ඵක ගැහුව ට කමක් නැද්ද
මම එන්නත විදගත්තේ දකුණු භාහුවට එහෙම හොද නැද්ද
මට දැන ගන්න පුළුවන් ද තමන්ට කොරෝනා ආසාදනය තියෙනවා කීයල නොදැනුවත්වම මේ ඵන්නත විද්දොත් වෙන පුති විපාක සහ ඵම ඵන්නත විදීමෙන් පුයෝජනයක් වෙනවාද
මං දෙවැනි මාත්‍රාව සයිනෝෆාම් ව්දලා දැන් දවස් 5ක් ව්තර වෙනවා...මට දැන් හෙම්බිරිස්සාව හැදිලා...රස දැනෙනවා..ගදසුවද දැනෙන්නෙ නැ..ව්දපු තැනත් රිදෙන්වා..මට වැක්සින් කරලා දවස් එකහමාරක් ව්තර වෙද්දි තමා ආමාරැ උනේ...මේක සාමාන්‍ය තත්ත්වයක්ද? එන්නතේ ආසාත්ම්කතාවයක්ද? නැත්තම් පීසීඅර්‍ර් එකක් කල යුතුද?? මේ හෙම්බිරිස්සාව ගෙදර අනිත් අයට බෝව්මක් සිද්ධ වෙන්න පුළුවන් ද? මේ සදහා කල යුතු දෙයක් නිර්දේශ කරන්න පුළුවන් ද??
අපේ.ඇඟේ යම්කිසි අයුරකින්  ස්වභාවිකව ප්‍රතිදේහ නිපදවෙනවද..??
"මට හාතිය තියෙනවා . එන්නත ලබා ගැනිමෙන් පසු හතිය වැඩි වුවේය. දැන් මාසක් පමණ වේ. තවම හතියට එනවා, හතියට බෙහෙත් භාවිතා කරනවා. මා හට සයිනෆම් 2 මාත්‍රාව ගැනිම සුදුසු ද නැද්ද"
පසුකාලීනව වෙන අතුරු ආබාධ මොනවද කියන්න කව්රුවත් දන්නෙනෑ නේ. මීට අවුරුදු ගානකට කලින් වයිරස් එක හදලා ඒකට අවශ්‍ය වැක්සීනය හදලා චෙක් කරලා නෑ නේ . අවුරුදු දෙකක් වගේ කාලයක් තමයි ගෙවිලා තියෙන්නෙ මේ ඔක්කෝමටම .කලේ මොන පදනමකින්ද...?
මම ඉන්නෙ සෞදි වල මගෙ යාලුවෙක්  එන්නත ගත්තා දැනට මාස දෙකකට කලින් නමුත් එයාට දැන් හැදුනා.මට දැනගන්න පුළුවන්ද මෙ ගැන විස්තර ටිකක්
සුගර් අයට කොහොමද මේ එන්නත ගන්න පුළුවන්ද.මම පිටරට ඉන්නේ
එන්නත විදලා අවුරුදු දෙකක් ලු ජිවත් වෙන්න පුළුවන් ඇත්ත ද
ඇයි එහෙනම් එන්නත් දෙකම විදගෙන ආවත් දින 14ක් නිරොධානයට යෑමට අවශ්‍ය ?
ශෛල්‍යකර්මයක් කර සතියකට පසු මෙම එන්නත ලබාගැනීම සුදුසු ද
මන්  කියන රුධිර ගත රෝගයෙන් පෙලෙනව.ම්ට මේ එන්නත විදිම අහිතකර වේද ???
මට ඇලර්ජික් තියෙනවා.තුවාල වලට පාලාස්ටර් එකක්වත් ගහන්න බෑ ඇලර්ජික් වෙනවා.එහෙම ඇලර්ජික් වගේ තියෙන කෙනෙක් ට කොරෝනා එන්නතක් ලබාගැනීම සුදුසුයි ද?
වසරකින් වසර තුන කින් කුමක් සිදුවේද? ප්‍රාණයාම ලෙඩ රෝග (කොවිඩ් ඇතුළු) පාලනයට කෙසේ බලපාවිදැයි කිව හැකිද?.
එක එන්නතක් විතරක් ගත්තොත් ඒක සුදුසු නැද්ද
"බබෙක් හදන්න බලාපොරොත්තුවෙන් ඉන්න, කෙනෙකුට මේ එන්නත විද්දට කමක් නැද්ද?"
කිසිම රොගයක් ඇතිව සිටින අයත් මෙ එන්නත් විදගන්නම ඔනෙද?
එන්නත නිසා මිනිස්සු මැරෙන්නෙ ඇයි ? එන්නත ගැහුවහමත් ලෙඩේ හැදෙන්නෙ ඇයි ? එන්නත ගැහුවෙ නැති අයට සුව වෙලාම නැතිද ?  එන්නත ගැසීමේ ඵලදායීතාවය කුමක්ද ?
එන්නත එක ගත්තම ප්‍රෙග්නන්ට් වෙන්නෙ නැහැ ...එහෙම උනත් ඒ ලැබෙන බබාලා ආබාධිත වෙනව කියන්නෙ ඇත්තද
ඩොක්ටර්  මාක්ස් එක සෝදා භාවිතා කරන්න පුළුවන්ද? කොපමණ කාලයක් භාවිතා කළ හැකිද?
නිවසේ සිට ප්‍රතිකාර ලබන අයට උපදෙස් ටිකක් දෙන්න
හෙළ වෙදකමින් කොරෝනා හොඳ කල හැකි යන මතය සත්‍යයක්ද
කොවිඩ් 19 සුලං මගින්ද පැතිරෙන අතර රුධිර පාරවිලනය මගින්ද පුද්ගලයින් අතර පැතිර යයි
හුමාලය ඇල්ලීම සහ උණුසුම් පානයන් ගැනීම මෙය වැලැක්වීමට උදව්වක්ද
මට දැනගන්න පුලුවන් ද මෙම රොගය වැලදුනම ගද සහ සුවද දින කියක් අපිට නොදැනී යනවද හැබැයි මට උණ සහ කැස්ස දින 4/5 තිබුනා හැබැයි දැන් හොදයි නමුත් මට තවම ගද සුවද කැනෙන්නෙ නැත
වීස් තිබිලා හොඳ වුන කෙනෙකු ට කොරොනා හැදුනට පස්සේ ආයෙත් එන්න පුළුවන් ද ඩොක්ටර් ?
මාස්ක් දිගටම දාගෙන (එකම මාස්ක් එක නෙමෙයි) ඉන්න එකෙන් ඩස්ට් ගතියට වීස් එක එනවද ඩොක්ටර්?
කාර්‍යාලයේදි කෑම පැයෙදි එකම වෙලාවකදි මුහුනු ආවරණය ඉවත් කර කෑම ගැනිමේදි අවදානමක් තිබෙනවා කියලයි
සර්ජිකල් මාස් ප්‍රමිතියෙන් බාල එවා හදුනා ගන්නේ කොහොමද
හැමදාම උණුවතුරෙන් හුමාලය ඇල්ලීම අහිතකර ද?
ඇක්ටිව් කාබන් මාස්ක් කොහොමද ? ගැළපෙනවද ?
සජිකල් මාක්ස් දෙකක් භාවිත කරන එක ප්‍රායෝගික නැද්ද
රෙදි මාස්ක් එක වෙනුවට ලේන්සුවක් බාවිතා කරොත්
දැන් තියෙන ඩෙල්ටා ප්‍රබේදෙට ඩබල් මාස්ක් ක්‍රමේ හොදයිද
"සමහරු කියනවා හුමාලය අල්ලන්න එපා කියලා,කොත්තමල්ලි බොන්න එපා කියලා..ලෙඩේ හැංගෙනවා කියලා මේක ඇත්තක්ද"
මොකක්ද මේ කොරෝනා වෛරසය වාතයෙන් බෝ වීම කියන්නේ? සමහරු කියනවා මේ වෛරසය වාතය හරහා එක් තැනක සිට තවත් තැනකට ගමන් කරනවා කියලා..තවත් සමහරු කියනවා එහෙම ගමන් කරන්නේ නෑ වාතයේ එකම ස්ථානයක රැදිලා තියෙනවා කියලා..එහෙම රැදිලා තියෙනවානම් ඒ කොපමණ පැය ගණනක් වාගේද?
"මට නින්දේදී හුස්ම හිරවීමක් සිද්ද වෙනව,ඒ වෙලාවට මගෙ හදවත වේගයෙන් ගැහෙන්න ගන්නව ඇඟ වෙව්ලනව,පුලුවන්නම් ඒ ගැන උපදෙසක් දෙන්න,සුව කරගන්නා ආකාරය ගැන දැනුවත් කරන්න"
බැක්ටීරියා වයිරස් වලට ජීවය තියනවා නෙ...පරපෝෂිතයන් ට දෙන බෙහෙත් හරියන්න පුලුවන්නෙ
හැදිලාද දවස් 14 කින්ද නැත්තම් රෝග ලක්ෂණ පහල වෙලා දවස් 14 කින් ද හොදවෙන්නෙ?
මම නිරෝගී කෙනෙක්. ඉස්සර ඉදන්ම කොත්තමල්ලි බිවුවම මට ඇග රිදෙන්න අරන් හතියට එනව ඒ ඇයි
මට  හැදිලා දවස් 10 ක් විතර වෙනව.තාම සෙම තියෙනවා .හොද වෙන් නැද්ද
මටත් හැදුනා කොරොනා මම ඉන්න රට මට හති තියෙනවා එක වැඩි වුනා විටමින්  විතරයි බිවිවෙි විටමින්  බිවිව දැන් මාස දෙකක් වෙිනවා හෙදයි දැන් විටමින් සි  1000 පෙති තියෙනවා ලග එවා බිවිව ට කමක් නැද්ද